Ticker,SmartScore,Market Capitalization,Sector,Industry
ZYME,8,1042416932.0,Health Technology,Pharmaceuticals: Major
ZWS,4,6031895179.000001,Producer Manufacturing,Industrial Machinery
ZTS,9,70536182101.0,Health Technology,Pharmaceuticals: Major
ZTO,2,16014089989.7334,Transportation,Air Freight/Couriers
ZS,9,32636395952.000004,Technology Services,Data Processing Services
ZM,-1,26082719067.0,Technology Services,Packaged Software
ZLAB,8,3266082407.73536,Health Technology,Biotechnology
ZK,7,6518902499.0,Consumer Durables,Motor Vehicles
ZION,5,8233423214.000001,Finance,Major Banks
ZIM,10,2422745502.0,Transportation,Marine Shipping
ZI,1,3516095859.0,Technology Services,Packaged Software
ZGN,-1,3633988752.000001,Consumer Non-Durables,Apparel/Footwear
ZG,6,19230023340.0,Technology Services,Information Technology Services
ZETA,2,5577652342.0,Technology Services,Packaged Software
ZD,5,2282813571.0,Technology Services,Internet Software/Services
ZBRA,5,16357083782.0,Electronic Technology,Computer Processing Hardware
ZBH,8,20010889185.0,Health Technology,Medical Specialties
Z,-1,19230023340.0,Technology Services,Information Technology Services
YY,10,2538017103.0,Technology Services,Data Processing Services
YUMC,7,18669209056.0,Consumer Services,Restaurants
YUM,6,41277516637.0,Consumer Services,Restaurants
YPF,10,16761928134.37769,Energy Minerals,Integrated Oil
YOU,7,3142179825.0,Technology Services,Packaged Software
YMM,-1,13281028374.0,Technology Services,Packaged Software
YETI,7,3225063827.0,Producer Manufacturing,Miscellaneous Manufacturing
YELP,3,2457632480.0,Technology Services,Internet Software/Services
XYZ,6,52064376368.99999,Finance,Regional Banks
XYL,6,31432186750.0,Producer Manufacturing,Industrial Machinery
XRAY,5,3641641410.0,Health Technology,Medical Specialties
XPRO,-1,1583833817.0,Energy Minerals,Oil & Gas Production
XPO,6,17075211007.000002,Transportation,Trucking
XPEV,8,15597462081.86752,Consumer Durables,Motor Vehicles
XPEL,5,1150694757.0,Consumer Durables,Automotive Aftermarket
XP,9,7961837681.0,Finance,Investment Banks/Brokers
XOM,7,475725043814.0,Energy Minerals,Integrated Oil
XNCR,-1,1141406916.9999998,Health Technology,Biotechnology
XMTR,7,1856180511.0,Producer Manufacturing,Metal Fabrication
XHR,3,1473289277.0,Finance,Real Estate Investment Trusts
XHG,3,52760302984.0,Finance,Real Estate Development
XENE,7,2966482868.9999995,Health Technology,Pharmaceuticals: Major
XEL,9,39398727522.0,Utilities,Electric Utilities
X,-1,8655071604.0,Non-Energy Minerals,Steel
WYNN,4,9450570079.0,Consumer Services,Casinos/Gaming
WY,8,21514092582.0,Finance,Real Estate Investment Trusts
WWW,6,1483640600.0,Consumer Non-Durables,Apparel/Footwear
WWD,6,11072398783.0,Producer Manufacturing,Industrial Machinery
WVE,7,1648738671.0000002,Health Technology,Biotechnology
WULF,-1,1879370379.0,Technology Services,Data Processing Services
WU,10,3550289175.0,Finance,Regional Banks
WTW,6,32272440453.0,Finance,Insurance Brokers/Services
WTTR,5,1567730416.0,Utilities,Water Utilities
WTS,4,7129004259.0,Producer Manufacturing,Industrial Machinery
WTRG,9,9666293178.0,Utilities,Water Utilities
WTM,-1,4689900465.999999,Finance,Multi-Line Insurance
WTFCP,,8618054440.0,Finance,Regional Banks
WTFCM,,8618054440.0,Finance,Regional Banks
WTFC,5,8618054440.0,Finance,Regional Banks
WT,7,1425971686.0000002,Miscellaneous,Investment Trusts/Mutual Funds
WST,7,15551250480.999998,Health Technology,Medical Specialties
WSO.B,-1,19532765299.0,Producer Manufacturing,Building Products
WSO,7,19532765299.0,Producer Manufacturing,Building Products
WSM,5,26417248963.0,Retail Trade,Specialty Stores
WSFS,4,3300635569.9999995,Finance,Savings Banks
WSC,8,7024557672.0,Finance,Finance/Rental/Leasing
WSBCP,,2437888605.0,Finance,Regional Banks
WSBC,-1,2437888605.0,Finance,Regional Banks
WS,8,1459168992.0,Non-Energy Minerals,Steel
WRD,6,8646514118.0,Technology Services,Packaged Software
WRBY,6,3091455566.0,Retail Trade,Specialty Stores
WRB/PH,9,22997520950.0,Finance,Property/Casualty Insurance
WRB/PG,9,22997520950.0,Finance,Property/Casualty Insurance
WRB/PF,-1,22997520950.0,Finance,Property/Casualty Insurance
WRB/PE,9,22997520950.0,Finance,Property/Casualty Insurance
WRB,9,22997520950.0,Finance,Property/Casualty Insurance
WPP,4,10465237805.442,Commercial Services,Advertising/Marketing Services
WPM,7,30623230297.905136,Non-Energy Minerals,Precious Metals
WPC,7,12844270736.0,Finance,Real Estate Investment Trusts
WOR,-1,2195431676.0,Producer Manufacturing,Industrial Machinery
WNS,9,2699985093.0,Commercial Services,Miscellaneous Commercial Services
WMT,5,835793510773.0,Retail Trade,Specialty Stores
WMS,8,9846551777.0,Producer Manufacturing,Miscellaneous Manufacturing
WMK,8,1914362155.0,Retail Trade,Food Retail
WMG,8,18889094035.0,Commercial Services,Commercial Printing/Forms
WMB,-1,69459287176.0,Utilities,Gas Distributors
WM,7,91402972607.0,Industrial Services,Environmental Services
WLYB,,2193951716.0000005,Consumer Services,Publishing: Books/Magazines
WLY,5,2193951716.0,Consumer Services,Publishing: Books/Magazines
WLK,6,14835916591.0,Process Industries,Chemicals: Specialty
WLFC,8,1293250779.0,Finance,Finance/Rental/Leasing
WKC,-1,1587839781.0,Distribution Services,Wholesale Distributors
WK,8,5283832351.0,Technology Services,Information Technology Services
WIX,5,12447964782.0,Technology Services,Information Technology Services
WIT,2,37209853001.40259,Technology Services,Information Technology Services
WING,4,8900690910.0,Consumer Services,Restaurants
WINA,6,1330359967.0000002,Retail Trade,Apparel/Footwear Retail
WHR,-1,5753720753.0,Consumer Durables,Electronics/Appliances
WHD,5,4776636845.000001,Industrial Services,Oilfield Services/Equipment
WH,9,8499187097.999999,Consumer Services,Hotels/Resorts/Cruise lines
WGS,7,2097441150.0,Health Services,Medical/Nursing Services
WGO,8,1279841749.0,Consumer Durables,Recreational Products
WFRD,7,5138583325.0,Industrial Services,Oilfield Services/Equipment
WFG,-1,6350464121.04681,Non-Energy Minerals,Forest Products
WFC/PZ,7,263046225230.0,Finance,Major Banks
WFC/PY,6,263046225230.0,Finance,Major Banks
WFC/PL,7,263046225230.0,Finance,Major Banks
WFC/PD,7,263046225230.0,Finance,Major Banks
WFC/PC,6,263046225230.0,Finance,Major Banks
WFC/PA,-1,263046225230.0,Finance,Major Banks
WFC,7,263046225230.0,Finance,Major Banks
WF,4,8736190318.26786,Finance,Major Banks
WEX,7,6154080901.0,Commercial Services,Miscellaneous Commercial Services
WES,7,15442940876.000002,Industrial Services,Oil & Gas Pipelines
WERN,7,2151529746.0,Transportation,Trucking
WEN,-1,2914984647.0,Consumer Services,Restaurants
WELL,9,96176968207.0,Finance,Real Estate Investment Trusts
WEC,9,32711597221.0,Utilities,Electric Utilities
WEAV,1,1264761840.0,Technology Services,Packaged Software
WDS,4,29408861047.94988,Energy Minerals,Oil & Gas Production
WDFC,5,3125388255.0,Process Industries,Industrial Specialties
WDCVV,-1,23787677237.0,Electronic Technology,Computer Peripherals
WDC,8,23787677237.0,Electronic Technology,Computer Peripherals
WDAY,3,68641296753.00001,Technology Services,Information Technology Services
WD,3,2918782483.9999995,Finance,Finance/Rental/Leasing
WCN,8,48788424500.10484,Transportation,Trucking
WCC/PA,4,9645976200.0,Distribution Services,Wholesale Distributors
WCC,-1,9645976199.999998,Distribution Services,Wholesale Distributors
WBTN,8,1366534901.0,Technology Services,Internet Software/Services
WBS/PG,4,10133779982.0,Finance,Savings Banks
WBS/PF,4,10133779982.0,Finance,Savings Banks
WBS,4,10133779982.0,Finance,Savings Banks
WBD,9,25365726878.0,Consumer Services,Cable/Satellite TV
WBA,-1,8382288226.0,Retail Trade,Drugstore Chains
WB,9,2742159568.20552,Technology Services,Internet Software/Services
WAY,6,7804105306.999999,Technology Services,Packaged Software
WAT,6,21953153808.0,Health Technology,Medical Specialties
WAL/PA,6,9768649502.0,Finance,Regional Banks
WAL,6,9768649502.000002,Finance,Regional Banks
WAFDP,-1,2427783375.0,Finance,Major Banks
WAFD,4,2427783375.0,Finance,Major Banks
WABC,4,1333232767.0,Finance,Regional Banks
WAB,4,32151912736.0,Producer Manufacturing,Trucks/Construction/Farm Machinery
W,1,6192014609.0,Retail Trade,Specialty Stores
VZ,7,172555778189.0,Communications,Wireless Telecommunications
VYX,-1,1793945055.0,Electronic Technology,Electronic Equipment/Instruments
VVX,6,1418012810.0,Commercial Services,Miscellaneous Commercial Services
VVV,5,5043347958.999999,Consumer Services,Other Consumer Services
VTRS,6,12890803499.0,Health Technology,Pharmaceuticals: Major
VTR,10,28675138061.0,Finance,Real Estate Investment Trusts
VTOL,3,1043204290.0,Transportation,Other Transportation
VTMX,-1,2355096158.30055,Finance,Real Estate Development
VTLE,7,1308646035.0,Energy Minerals,Oil & Gas Production
VTEX,2,1177868221.0,Technology Services,Information Technology Services
VSTS,4,1803590390.0,Consumer Non-Durables,Apparel/Footwear
VST,9,57042330431.99999,Utilities,Electric Utilities
VSH,5,2530671386.0000005,Electronic Technology,Electronic Production Equipment
VSEC,-1,1985651380.9999995,Industrial Services,Engineering & Construction
VSCO,5,2581147183.0,Retail Trade,Apparel/Footwear Retail
VSAT,7,1184030365.0000002,Electronic Technology,Telecommunications Equipment
VRTX,4,117866557892.0,Health Technology,Pharmaceuticals: Major
VRTS,1,1311402998.0,Finance,Investment Managers
VRT,8,40555055787.0,Electronic Technology,Electronic Production Equipment
VRSN,-1,21686104170.0,Technology Services,Internet Software/Services
VRSK,10,41442502404.0,Technology Services,Data Processing Services
VRRM,5,4339293348.000001,Transportation,Other Transportation
VRNT,4,1603207830.0,Technology Services,Information Technology Services
VRNS,2,4963461692.0,Technology Services,Packaged Software
VRNA,3,5254379335.0,Health Technology,Pharmaceuticals: Major
VRN,-1,3231582995.518868,Energy Minerals,Integrated Oil
VRE,7,1486423096.0,Finance,Real Estate Investment Trusts
VRDN,2,1299089124.0000002,Health Technology,Pharmaceuticals: Major
VOYA/PB,5,7212528817.0,Finance,Life/Health Insurance
VOYA,5,7212528817.000001,Finance,Life/Health Insurance
VOD,7,21015969794.5855,Communications,Wireless Telecommunications
VNT,-1,5839448948.000001,Transportation,Other Transportation
VNOM,9,10709350350.0,Energy Minerals,Integrated Oil
VNO/PO,7,8080443925.0,Finance,Real Estate Investment Trusts
VNO/PN,7,8080443925.0,Finance,Real Estate Investment Trusts
VNO/PM,7,8080443925.0,Finance,Real Estate Investment Trusts
VNO/PL,7,8080443925.0,Finance,Real Estate Investment Trusts
VNO,-1,8080443925.0,Finance,Real Estate Investment Trusts
VNET,10,3080789742.0,Technology Services,Data Processing Services
VMI,7,6427169722.999999,Producer Manufacturing,Metal Fabrication
VMEO,9,1106225583.0,Technology Services,Internet Software/Services
VMC,5,35717288343.0,Non-Energy Minerals,Construction Materials
VLYPP,,5563315956.0,Finance,Major Banks
VLYPO,-1,5563315956.0,Finance,Major Banks
VLYPN,,5563315956.0,Finance,Major Banks
VLY,9,5563315956.000001,Finance,Major Banks
VLTO,2,24233689327.0,Technology Services,Information Technology Services
VLO,10,42837143325.99999,Energy Minerals,Oil Refining/Marketing
VKTX,2,3396580998.0,Health Technology,Pharmaceuticals: Major
VIV,-1,15082447982.211998,Communications,Specialty Telecommunications
VITL,7,1522128159.0000002,Process Industries,Agricultural Commodities/Milling
VIST,5,4848093167.317185,Energy Minerals,Oil & Gas Production
VIRT,8,5685400228.000001,Finance,Investment Banks/Brokers
VIR,5,1328999137.0,Health Technology,Biotechnology
VIPS,10,7894979813.0,Retail Trade,Internet Retail
VIK,-1,22214633776.0,Consumer Services,Hotels/Resorts/Cruise lines
VICR,5,2262095420.0,Electronic Technology,Electronic Components
VICI,8,32015267459.0,Finance,Real Estate Investment Trusts
VIAV,8,2698970132.0,Technology Services,Information Technology Services
VG,-1,38615900000.0,Industrial Services,Engineering & Construction
VFS,2,8816883124.0,Consumer Durables,Motor Vehicles
VFC,-1,9969182451.0,Consumer Non-Durables,Apparel/Footwear
VET,6,1399002105.2451055,Energy Minerals,Oil & Gas Production
VERX,7,7253697626.999999,Technology Services,Packaged Software
VERA,7,1738851040.0,Health Technology,Biotechnology
VEON,10,3200777107.0,Communications,Wireless Telecommunications
VEEV,10,37989983551.0,Technology Services,Packaged Software
VECO,-1,1400719284.0000002,Electronic Technology,Electronic Production Equipment
VCYT,9,3186009991.9999995,Health Technology,Medical Specialties
VCTR,7,4496451011.0,Finance,Investment Managers
VCEL,7,2817871410.0,Health Technology,Pharmaceuticals: Major
VC,4,2298167716.0,Producer Manufacturing,Auto Parts: OEM
VBTX,7,1448181299.0,Finance,Regional Banks
VALE,-1,41132679556.711,Non-Energy Minerals,Steel
VAL,5,3165479551.0,Industrial Services,Contract Drilling
VAC,7,3018768005.9999995,Consumer Services,Other Consumer Services
V,8,691195006411.0,Commercial Services,Miscellaneous Commercial Services
UZF,,5750260170.0,Communications,Wireless Telecommunications
UZE,,5750260170.0,Communications,Wireless Telecommunications
UZD,-1,5750260170.0,Communications,Wireless Telecommunications
UWMC,6,10212792265.000002,Finance,Finance/Rental/Leasing
UVV,7,1305505413.0,Consumer Non-Durables,Tobacco
UTZ,8,1882244081.0,Consumer Non-Durables,Food: Specialty/Candy
UTI,9,1543612863.0,Commercial Services,Miscellaneous Commercial Services
UTHR,8,16544365549.999998,Health Technology,Pharmaceuticals: Major
UTG,-1,2706240000.0,Miscellaneous,Investment Trusts/Mutual Funds
UTF,-1,2350410000.0,Miscellaneous,Investment Trusts/Mutual Funds
USPH,4,1313565711.0,Health Services,Medical/Nursing Services
USM,9,5750260170.0,Communications,Wireless Telecommunications
USLM,1,2982954112.0,Non-Energy Minerals,Construction Materials
USFD,7,16414502506.0,Distribution Services,Food Distributors
USB/PS,-1,74491515503.0,Finance,Major Banks
USB/PR,3,74491515503.0,Finance,Major Banks
USB/PQ,3,74491515503.0,Finance,Major Banks
USB/PP,3,74491515503.0,Finance,Major Banks
USB/PH,3,74491515503.0,Finance,Major Banks
USB/PA,3,74491515503.0,Finance,Major Banks
USB,-1,74491515503.0,Finance,Major Banks
USAC,7,3336647353.0,Industrial Services,Oilfield Services/Equipment
USA,,1997940000.0,Miscellaneous,Investment Trusts/Mutual Funds
URI,7,48409540389.0,Finance,Finance/Rental/Leasing
URBN,4,5168441049.0,Retail Trade,Apparel/Footwear Retail
UPWK,9,2186318022.0,Commercial Services,Personnel Services
UPST,-1,7519013218.000001,Technology Services,Internet Software/Services
UPS,7,99178626407.0,Transportation,Air Freight/Couriers
UPBD,5,1690123842.0,Finance,Finance/Rental/Leasing
UP,1,1011958874.0,Transportation,Airlines
UNP,8,151968862466.0,Transportation,Railroads
UNMA,,13579020453.0,Finance,Multi-Line Insurance
UNM,-1,13579020452.999998,Finance,Multi-Line Insurance
UNIT,6,1421414177.0,Finance,Real Estate Investment Trusts
UNH,9,481778043800.0,Health Services,Managed Health Care
UNFI,9,2037249329.0,Distribution Services,Food Distributors
UNF,7,3803245286.0,Consumer Services,Other Consumer Services
UMH/PD,10,1422563230.0,Finance,Real Estate Investment Trusts
UMH,-1,1422563230.0,Finance,Real Estate Investment Trusts
UMC,2,15918657980.135723,Electronic Technology,Semiconductors
UMBFP,,8143234287.0,Finance,Major Banks
UMBF,6,8143234287.000002,Finance,Major Banks
ULTA,9,16932469760.0,Retail Trade,Specialty Stores
ULS,7,11346677716.0,Technology Services,Packaged Software
ULCC,-1,1994545069.0,Transportation,Airlines
UL,10,139570807604.4065,Consumer Non-Durables,Household/Personal Care
UI,7,20640512992.0,Electronic Technology,Telecommunications Equipment
UHS,7,11973084164.0,Health Services,Hospital/Nursing Management
UHAL.B,,13175453750.999998,Finance,Finance/Rental/Leasing
UHAL,5,13175453751.0,Finance,Finance/Rental/Leasing
UGP,-1,3273684620.77,Retail Trade,Specialty Stores
UGI,10,6934163492.0,Distribution Services,Wholesale Distributors
UFPT,1,1976301788.0,Process Industries,Industrial Specialties
UFPI,6,7065314422.0,Non-Energy Minerals,Forest Products
UEC,6,2703533125.0,Non-Energy Minerals,Other Metals/Minerals
UE,5,2602039719.0,Finance,Real Estate Investment Trusts
UDR,-1,14171789749.0,Finance,Real Estate Investment Trusts
UDMY,3,1460473330.0000002,Technology Services,Packaged Software
UCTT,10,1667527356.9999998,Producer Manufacturing,Industrial Machinery
UCB/PI,7,3997796452.0,Finance,Regional Banks
UCB,8,3997796452.0,Finance,Regional Banks
UBSI,6,5128907998.999999,Finance,Regional Banks
UBS,-1,107535606177.16531,Finance,Investment Managers
UBER,7,167235423073.0,Transportation,Other Transportation
UAL,7,34288603655.0,Transportation,Airlines
UAA,4,2954895034.0000005,Consumer Non-Durables,Apparel/Footwear
UA,2,2954895034.0,Consumer Non-Durables,Apparel/Footwear
U,9,8665090383.000002,Technology Services,Packaged Software
TYL,-1,27463854313.0,Technology Services,Data Processing Services
TY,-1,1748900000.0,Miscellaneous,Investment Trusts/Mutual Funds
TXT,5,13196359532.0,Electronic Technology,Aerospace & Defense
TXRH,6,11454806162.0,Consumer Services,Restaurants
TXNM,8,4528961301.000001,Utilities,Electric Utilities
TXN,2,166963005705.0,Electronic Technology,Semiconductors
TXG,-1,1506147150.0,Health Technology,Biotechnology
TX,9,5952048725.0,Non-Energy Minerals,Steel
TWST,5,2838797862.9999995,Health Technology,Biotechnology
TWO/PC,6,1401349718.0,Finance,Real Estate Investment Trusts
TWO/PB,6,1401349718.0,Finance,Real Estate Investment Trusts
TWO/PA,6,1401349718.0,Finance,Real Estate Investment Trusts
TWO,-1,1401349718.0,Finance,Real Estate Investment Trusts
TWLO,7,19199037136.0,Technology Services,Packaged Software
TWFG,5,1701330000.0,Finance,Multi-Line Insurance
TW,10,30000788290.0,Finance,Investment Banks/Brokers
TVTX,10,1993955840.0,Health Technology,Pharmaceuticals: Major
TV,4,1020988231.875,Communications,Major Telecommunications
TUYA,-1,1924654084.50844,Technology Services,Packaged Software
TU,8,23285319185.142204,Communications,Wireless Telecommunications
TTWO,9,36845240741.00001,Technology Services,Packaged Software
TTMI,6,2697092282.0,Electronic Technology,Electronic Components
TTGT,7,1129689496.0,Technology Services,Data Processing Services
TTEK,7,8201904831.999999,Industrial Services,Engineering & Construction
TTE,-1,132625506338.05202,Energy Minerals,Integrated Oil
TTD,8,39564893550.0,Technology Services,Packaged Software
TTC,6,8104411943.0,Producer Manufacturing,Trucks/Construction/Farm Machinery
TTAN,8,8998692014.0,Technology Services,Packaged Software
TTAM,-1,2951639999.9999995,Non-Energy Minerals,Construction Materials
TT,4,81475939898.0,Producer Manufacturing,Industrial Machinery
TSN,-1,19938946505.000004,Consumer Non-Durables,Food: Meat/Fish/Dairy
TSM,9,841484036568.75,Electronic Technology,Semiconductors
TSLX,7,2150466530.0000005,Finance,Investment Managers
TSLA,1,1144565429471.0,Consumer Durables,Motor Vehicles
TSEM,8,5290257663.000001,Electronic Technology,Semiconductors
TSCO,6,30523902392.0,Retail Trade,Specialty Stores
TS,-1,22769526685.2352,Non-Energy Minerals,Steel
TRVG,7,2005995940.0,Technology Services,Internet Software/Services
TRV,10,54028944172.00001,Finance,Property/Casualty Insurance
TRUP,8,2101508809.0,Finance,Multi-Line Insurance
TRU,8,19459274192.0,Commercial Services,Financial Publishing/Services
TRP,10,47658126487.1747,Industrial Services,Oil & Gas Pipelines
TROX,-1,1236550850.0,Process Industries,Chemicals: Specialty
TROW,5,23808829951.0,Finance,Investment Managers
TRNO,4,6657165367.0,Finance,Real Estate Investment Trusts
TRN,4,2825586901.0,Producer Manufacturing,Trucks/Construction/Farm Machinery
TRMK,4,2298172089.0000005,Finance,Regional Banks
TRMD,5,1868413744.3255813,Transportation,Marine Shipping
TRMB,-1,18259891859.0,Technology Services,Packaged Software
TRIP,7,2481571677.0,Consumer Services,Other Consumer Services
TRI,4,78146004607.37701,Technology Services,Internet Software/Services
TRGP,5,44781500012.0,Utilities,Gas Distributors
TREX,5,7213991144.0,Non-Energy Minerals,Forest Products
TR,5,2108641393.0,Consumer Non-Durables,Food: Specialty/Candy
TPX,-1,14296120472.000002,Consumer Durables,Home Furnishings
TPR,10,18155256299.0,Retail Trade,Apparel/Footwear Retail
TPL,9,31530773290.0,Miscellaneous,Investment Trusts/Mutual Funds
TPH,4,3389832269.0,Consumer Durables,Homebuilding
TPG,5,21671791705.0,Finance,Investment Managers
TPC,7,1242180511.0,Industrial Services,Engineering & Construction
TPB,-1,1233992514.9999998,Consumer Non-Durables,Tobacco
TOWN,7,2768620786.9999995,Finance,Regional Banks
TOST,7,22998320953.0,Technology Services,Packaged Software
TOL,8,12349253208.0,Consumer Durables,Homebuilding
TNL,3,3859416793.0,Consumer Services,Hotels/Resorts/Cruise lines
TNK,6,1386409045.0000002,Transportation,Marine Shipping
TNET,-1,3842842403.0,Commercial Services,Miscellaneous Commercial Services
TNDM,4,2198193503.0000005,Health Technology,Medical Specialties
TNC,1,1650992011.9999998,Producer Manufacturing,Industrial Machinery
TMUS,7,309201673640.0,Communications,Wireless Telecommunications
TMP,5,1003095701.0,Finance,Regional Banks
TMO,8,203432745508.0,Health Technology,Medical Specialties
TMHC,-1,6641211013.0,Consumer Durables,Homebuilding
TME,8,21396159664.61872,Technology Services,Internet Software/Services
TMDX,1,2422470221.0,Health Technology,Medical Specialties
TM,8,247164507246.61945,Consumer Durables,Motor Vehicles
TLX,-1,5761589971.055,Health Technology,Biotechnology
TLN,10,12283600000.0,Utilities,Alternative Power Generation
TLK,-1,15288272219.841831,Communications,Wireless Telecommunications
TKR,6,5830248054.0,Producer Manufacturing,Industrial Machinery
TKO,10,29978919503.0,Consumer Services,Movies/Entertainment
TKC,3,6333031904.664629,Communications,Wireless Telecommunications
TJX,8,139777796503.0,Retail Trade,Apparel/Footwear Retail
TIXT,1,1028499985.2645404,Technology Services,Information Technology Services
TIMB,-1,7341512694.745,Communications,Wireless Telecommunications
TILE,4,1350310668.0000002,Producer Manufacturing,Building Products
TIGR,7,1397174487.0,Finance,Investment Banks/Brokers
TIGO,9,4602709215.055999,Communications,Wireless Telecommunications
THS,2,1692672096.0,Consumer Non-Durables,Food: Specialty/Candy
THRM,5,1097922894.0,Producer Manufacturing,Auto Parts: OEM
THR,-1,1004302366.0,Producer Manufacturing,Electrical Products
THO,2,5530598248.0,Consumer Durables,Recreational Products
THG,10,5861185152.000001,Finance,Property/Casualty Insurance
THC,8,12677380854.000002,Health Services,Hospital/Nursing Management
TGTX,7,4780482110.000001,Health Technology,Pharmaceuticals: Major
TGT,5,58596142214.00001,Retail Trade,Specialty Stores
TGS,-1,4714181290.197808,Utilities,Gas Distributors
TGNA,7,2925970953.0,Consumer Services,Broadcasting
TGLS,7,3561303510.0,Producer Manufacturing,Building Products
TGI,7,1959194049.0,Electronic Technology,Aerospace & Defense
TFX,7,7776073912.000001,Health Technology,Medical Specialties
TFSL,1,3813255939.0,Finance,Savings Banks
TFPM,-1,3454573266.786595,Non-Energy Minerals,Precious Metals
TFINP,,1699608361.0,Finance,Savings Banks
TFIN,2,1699608361.0000002,Finance,Savings Banks
TFII,9,10912817501.065315,Transportation,Trucking
TFC/PR,4,62141242508.0,Finance,Regional Banks
TFC/PO,4,62141242508.0,Finance,Regional Banks
TFC/PI,-1,62141242508.0,Finance,Regional Banks
TFC,4,62141242508.00001,Finance,Regional Banks
TEX,1,3022528100.0,Producer Manufacturing,Trucks/Construction/Farm Machinery
TEVA,6,18884275399.17336,Health Technology,Pharmaceuticals: Generic
TER,8,18444060963.0,Electronic Technology,Electronic Production Equipment
TEO,5,5449745010.420985,Communications,Major Telecommunications
TENB,-1,4687683021.0,Technology Services,Packaged Software
TEM,7,14081941555.0,Technology Services,Packaged Software
TEL,9,45579416572.99999,Electronic Technology,Semiconductors
TEF,6,24434877791.76496,Communications,Specialty Telecommunications
TECK,5,21814187233.1945,Non-Energy Minerals,Other Metals/Minerals
TECH,8,10424302814.000002,Health Technology,Biotechnology
TEAM,-1,82032294757.0,Technology Services,Packaged Software
TDY,6,22822555481.0,Electronic Technology,Aerospace & Defense
TDW,7,2845847624.0,Transportation,Marine Shipping
TDS/PV,9,4187000000.0,Communications,Wireless Telecommunications
TDS/PU,9,4187000000.0,Communications,Wireless Telecommunications
TDS,9,4187000000.0,Communications,Wireless Telecommunications
TDOC,-1,2467149049.0,Health Services,Medical/Nursing Services
TDG,3,73705800231.0,Electronic Technology,Aerospace & Defense
TDC,6,2373359851.0000005,Technology Services,Packaged Software
TD,9,104578735024.4772,Finance,Major Banks
TCOM,6,46450304958.96728,Consumer Services,Other Consumer Services
TCBK,4,1482601552.0,Finance,Regional Banks
TCBIO,-1,3727971291.0,Finance,Major Banks
TCBI,7,3727971291.0,Finance,Major Banks
TBLA,4,1328022441.0000002,Technology Services,Internet Software/Services
TBBK,2,2899412943.0,Finance,Regional Banks
TBBB,8,3143865062.0,Retail Trade,Food Retail
TBB,,185699602963.0,Communications,Wireless Telecommunications
TASK,-1,1419990172.0000002,Commercial Services,Miscellaneous Commercial Services
TARS,4,1919756407.0,Health Technology,Pharmaceuticals: Major
TAP.A,,12439452609.0,Consumer Non-Durables,Beverages: Alcoholic
TAP,9,12439452609.0,Consumer Non-Durables,Beverages: Alcoholic
TALO,4,1684438026.9999998,Energy Minerals,Oil & Gas Production
TAL,8,8780678635.0,Commercial Services,Miscellaneous Commercial Services
TAK,-1,43046656009.98755,Health Technology,Pharmaceuticals: Major
TAC,7,3142152008.486232,Utilities,Electric Utilities
T/PC,10,185699602963.0,Communications,Wireless Telecommunications
T/PA,10,185699602963.0,Communications,Wireless Telecommunications
T,10,185699602963.00003,Communications,Wireless Telecommunications
SYY,9,34784226997.0,Distribution Services,Food Distributors
SYRE,-1,1345546538.0,Health Technology,Biotechnology
SYNA,4,2824177681.0,Electronic Technology,Semiconductors
SYM,4,15921881682.999998,Producer Manufacturing,Industrial Machinery
SYK,4,146976647300.0,Health Technology,Medical Specialties
SYF/PB,9,25350355303.0,Finance,Finance/Rental/Leasing
SYF/PA,9,25350355303.0,Finance,Finance/Rental/Leasing
SYF,-1,25350355303.0,Finance,Finance/Rental/Leasing
SYBT,6,2212426822.0,Finance,Regional Banks
SXT,5,3017358959.9999995,Consumer Non-Durables,Food: Specialty/Candy
SXI,3,2238861668.0,Electronic Technology,Electronic Equipment/Instruments
SWX,2,5562286462.0,Utilities,Gas Distributors
SWTX,9,4272011316.000001,Health Technology,Biotechnology
SWKS,-1,10597655007.999998,Electronic Technology,Semiconductors
SWK,8,13427673660.0,Consumer Durables,Tools & Hardware
SWI,8,3140345043.0,Technology Services,Packaged Software
SW,6,27818727546.0,Process Industries,Containers/Packaging
SVV,6,1800576197.0000002,Retail Trade,Specialty Stores
SUZ,7,12747444807.937,Process Industries,Pulp & Paper
SUPV,-1,1520848157.99125,Finance,Major Banks
SUPN,7,2159625786.0,Health Technology,Pharmaceuticals: Major
SUN,8,8699698183.0,Distribution Services,Wholesale Distributors
SUI,8,15922513895.0,Finance,Real Estate Investment Trusts
SU,9,49731424874.70831,Energy Minerals,Integrated Oil
STZ,10,29447746823.0,Consumer Non-Durables,Beverages: Alcoholic
STX,-1,21481949879.0,Electronic Technology,Computer Peripherals
STWD,7,6672385910.0,Finance,Real Estate Investment Trusts
STVN,6,5327390962.999999,Health Technology,Medical Specialties
STT/PG,6,28604595594.0,Finance,Investment Banks/Brokers
STT,6,28604595594.0,Finance,Investment Banks/Brokers
STRL,6,4066415068.0,Industrial Services,Engineering & Construction
STRK,-1,87195131969.0,Technology Services,Internet Software/Services
STRA,6,2515419091.0000005,Consumer Services,Other Consumer Services
STR,7,3116636853.9999995,Miscellaneous,Investment Trusts/Mutual Funds
STNG,6,2346617150.0,Transportation,Marine Shipping
STNE,5,2902460166.0,Finance,Regional Banks
STN,10,8816237747.821924,Industrial Services,Engineering & Construction
STM,-1,21893800362.13552,Electronic Technology,Semiconductors
STLD,10,20679437966.000004,Non-Energy Minerals,Steel
STLA,5,41656842965.34566,Consumer Durables,Motor Vehicles
STGW,7,1732826882.0,Commercial Services,Miscellaneous Commercial Services
STEW,,1629020000.0,Miscellaneous,Investment Trusts/Mutual Funds
STEP,4,7245082422.000001,Finance,Investment Managers
STEL,-1,1559900239.9999998,Finance,Major Banks
STE,9,21550327004.0,Health Technology,Medical Specialties
STC,2,1900043559.0,Finance,Specialty Insurance
STBA,6,1536510803.0,Finance,Regional Banks
STAG,6,6675227796.0,Finance,Real Estate Investment Trusts
ST,8,4418186818.999999,Electronic Technology,Electronic Equipment/Instruments
SSRM,-1,1849657576.9814816,Non-Energy Minerals,Precious Metals
SSNC,6,21959763613.0,Technology Services,Information Technology Services
SSL,5,2790559326.3351,Process Industries,Chemicals: Major Diversified
SSD,5,7348357415.000001,Producer Manufacturing,Building Products
SSB,9,10344911674.000002,Finance,Regional Banks
SRRK,9,3470306245.0000005,Health Technology,Biotechnology
SRPT,-1,10311345461.0,Health Technology,Pharmaceuticals: Major
SREA,,53268874357.0,Utilities,Electric Utilities
SRE,8,53268874357.0,Utilities,Electric Utilities
SRCE,6,1626901190.0,Finance,Regional Banks
SRAD,10,6625143322.0,Technology Services,Packaged Software
SR/PA,8,4312341282.0,Utilities,Gas Distributors
SR,-1,4312341282.000001,Utilities,Gas Distributors
SQM,8,10638183471.85664,Process Industries,Chemicals: Specialty
SPXC,4,6906977254.0,Producer Manufacturing,Building Products
SPT,6,1778269792.0,Technology Services,Packaged Software
SPSC,7,5492826571.999999,Technology Services,Packaged Software
SPRY,5,1168169493.0,Health Technology,Pharmaceuticals: Major
SPR,-1,4046853636.0,Electronic Technology,Aerospace & Defense
SPOT,10,128136280778.99998,Technology Services,Internet Software/Services
SPNT/PB,7,2295272008.0,Finance,Property/Casualty Insurance
SPNT,7,2295272008.0,Finance,Property/Casualty Insurance
SPNS,5,1471063878.0,Technology Services,Packaged Software
SPHR,6,1725235253.0,Consumer Services,Media Conglomerates
SPH,-1,1390485084.0,Distribution Services,Wholesale Distributors
SPGI,7,166116576163.0,Commercial Services,Financial Publishing/Services
SPG/PJ,6,60376285052.0,Finance,Real Estate Investment Trusts
SPG,6,60376285052.0,Finance,Real Estate Investment Trusts
SPB,5,2053275222.0,Consumer Durables,Electronics/Appliances
SOUN,4,4314738887.0,Technology Services,Packaged Software
SONY,-1,148118152512.13052,Electronic Technology,Computer Processing Hardware
SONO,4,1587371909.0,Consumer Durables,Electronics/Appliances
SON,8,4692878225.000001,Process Industries,Containers/Packaging
SOLV,8,12825501115.0,Health Services,Medical/Nursing Services
SOJF,,93768645746.0,Utilities,Electric Utilities
SOJE,,93768645746.0,Utilities,Electric Utilities
SOJD,-1,93768645746.0,Utilities,Electric Utilities
SOJC,,93768645746.0,Utilities,Electric Utilities
SOFI,6,17590229455.0,Finance,Finance/Rental/Leasing
SOC,10,2720218822.0,Energy Minerals,Integrated Oil
SOBO,6,5143594835.585207,Industrial Services,Oil & Gas Pipelines
SO,6,93768645746.0,Utilities,Electric Utilities
SNY,-1,136147531154.8394,Health Technology,Pharmaceuticals: Major
SNX,7,12184616477.000002,Distribution Services,Electronics Distributors
SNV/PE,4,7795181657.0,Finance,Regional Banks
SNV/PD,4,7795181657.0,Finance,Regional Banks
SNV,4,7795181657.0,Finance,Regional Banks
SNPS,7,80771887595.0,Technology Services,Packaged Software
SNOW,-1,61926763160.0,Technology Services,Packaged Software
SNN,9,11236024344.9475,Health Technology,Medical Specialties
SNEX,4,3761600948.0,Finance,Investment Banks/Brokers
SNDX,1,1273536497.0000002,Health Technology,Biotechnology
SNDR,9,4821096173.0,Transportation,Trucking
SNAP,6,18405517317.0,Technology Services,Packaged Software
SNA,-1,17757115656.999996,Consumer Durables,Tools & Hardware
SN,10,15436367260.999998,Consumer Durables,Electronics/Appliances
SMTC,2,3221367437.0,Electronic Technology,Semiconductors
SMR,1,6319748418.000001,Producer Manufacturing,Electrical Products
SMPL,5,3807912819.0,Consumer Non-Durables,Food: Major Diversified
SMMT,9,15759266946.0,Health Technology,Biotechnology
SMG,-1,3798370414.0,Process Industries,Chemicals: Agricultural
SMFG,7,97566247359.75372,Finance,Major Banks
SMCI,6,28054430874.000004,Electronic Technology,Computer Processing Hardware
SM,8,4407397254.000001,Energy Minerals,Oil & Gas Production
SLVM,6,2959981366.0,Process Industries,Pulp & Paper
SLQT,6,1032865723.0,Finance,Multi-Line Insurance
SLNO,-1,2120084222.0,Health Technology,Pharmaceuticals: Major
SLMBP,,6673546889.0,Finance,Finance/Rental/Leasing
SLM,9,6673546889.000001,Finance,Finance/Rental/Leasing
SLGN,7,5732736695.0,Process Industries,Containers/Packaging
SLG/PI,4,4918214346.0,Finance,Real Estate Investment Trusts
SLG,4,4918214346.0,Finance,Real Estate Investment Trusts
SLF,-1,31581635165.01841,Finance,Multi-Line Insurance
SLB,6,58485501770.0,Industrial Services,Contract Drilling
SLAB,9,4853721212.0,Electronic Technology,Semiconductors
SKYW,9,4447190849.0,Transportation,Airlines
SKY,4,6152582593.0,Consumer Durables,Homebuilding
SKX,9,9677326636.0,Consumer Non-Durables,Apparel/Footwear
SKWD,-1,1999382525.0,Finance,Multi-Line Insurance
SKT,2,3791220905.0,Finance,Real Estate Investment Trusts
SKM,4,8237834263.824631,Communications,Wireless Telecommunications
SKE,4,1164831233.1216657,Non-Energy Minerals,Precious Metals
SJW,5,1741155177.0,Utilities,Water Utilities
SJM,8,10857621274.0,Consumer Non-Durables,Food: Specialty/Candy
SITM,-1,4144651404.0,Electronic Technology,Semiconductors
SITE,2,6591710327.000001,Producer Manufacturing,Trucks/Construction/Farm Machinery
SIRI,5,9184018206.0,Consumer Services,Broadcasting
SIMO,6,1887170124.0,Electronic Technology,Semiconductors
SIM,4,4397716208.53395,Non-Energy Minerals,Steel
SILA,9,1395267678.0,Finance,Real Estate Investment Trusts
SII,-1,1092216756.6191025,Finance,Investment Managers
SIGIP,,4995132435.0,Finance,Property/Casualty Insurance
SIGI,4,4995132435.0,Finance,Property/Casualty Insurance
SIG,4,2335488098.0,Retail Trade,Specialty Stores
SID,2,1993877207.248,Non-Energy Minerals,Steel
SHW,6,89876365663.0,Process Industries,Industrial Specialties
SHOP,-1,166197700149.85904,Technology Services,Information Technology Services
SHOO,3,2860930389.0000005,Consumer Non-Durables,Apparel/Footwear
SHO/PI,4,2250093907.0,Finance,Real Estate Investment Trusts
SHO/PH,4,2250093907.0,Finance,Real Estate Investment Trusts
SHO,4,2250093907.0,Finance,Real Estate Investment Trusts
SHG,6,16795479025.634548,Finance,Major Banks
SHEL,-1,202917435567.9625,Energy Minerals,Integrated Oil
SHCO,4,1529199564.0,Commercial Services,Miscellaneous Commercial Services
SHC,2,3818062186.000001,Health Technology,Medical Specialties
SHAK,8,4605212895.0,Consumer Services,Restaurants
SGRY,1,3288426810.9999995,Health Services,Hospital/Nursing Management
SGML,7,1262529711.7724998,Non-Energy Minerals,Other Metals/Minerals
SGHC,-1,4176923494.0,Consumer Services,Casinos/Gaming
SG,2,3145171295.0,Consumer Services,Restaurants
SFNC,6,2824144247.0,Finance,Major Banks
SFM,10,17710457658.0,Retail Trade,Food Retail
SFL,7,1375488430.0000002,Transportation,Marine Shipping
SFD,9,8345783118.999999,Consumer Non-Durables,Food: Meat/Fish/Dairy
SFBS,-1,4828977810.000001,Finance,Regional Banks
SFB,,11296649175.0,Finance,Investment Managers
SF/PD,4,11296649175.0,Finance,Investment Managers
SF/PC,4,11296649175.0,Finance,Investment Managers
SF/PB,4,11296649175.0,Finance,Investment Managers
SF,4,11296649175.0,Finance,Investment Managers
SEZL,8,1907288776.0,Technology Services,Packaged Software
SEMR,4,2614220845.0,Technology Services,Packaged Software
SEM,7,2414558274.0,Health Services,Hospital/Nursing Management
SEIC,6,10606603205.0,Finance,Investment Managers
SEI,10,1918376714.0,Technology Services,Information Technology Services
SEE,-1,4952086930.0,Process Industries,Containers/Packaging
SEB,2,2842277901.0,Process Industries,Agricultural Commodities/Milling
SE,8,77507182192.0,Retail Trade,Internet Retail
SDRL,5,2136071341.0,Industrial Services,Contract Drilling
SDHC,2,1203080000.0,Consumer Durables,Homebuilding
SDGR,7,1808993860.0,Technology Services,Packaged Software
SCS,-1,1404465940.0,Producer Manufacturing,Office Equipment/Supplies
SCL,7,1388374645.0000002,Process Industries,Chemicals: Specialty
SCI,8,11146553289.0,Consumer Services,Other Consumer Services
SCHW/PJ,10,149735954701.0,Finance,Investment Banks/Brokers
SCHW/PD,10,149735954701.0,Finance,Investment Banks/Brokers
SCHW,10,149735954701.0,Finance,Investment Banks/Brokers
SCCO,-1,77444472710.0,Non-Energy Minerals,Other Metals/Minerals
SBUX,10,127845551214.0,Consumer Services,Restaurants
SBSW,4,2708665887.8739,Non-Energy Minerals,Precious Metals
SBS,10,12013916413.631,Utilities,Water Utilities
SBRA,8,3908414164.0,Finance,Real Estate Investment Trusts
SBLK,2,1913087410.0,Transportation,Marine Shipping
SBCF,-1,2499149305.0,Finance,Regional Banks
SBBA,,2346617150.0,Transportation,Marine Shipping
SBAC,9,22081918615.0,Finance,Real Estate Development
SATS,8,7954063476.0,Communications,Specialty Telecommunications
SASR,2,1519346526.9999998,Finance,Regional Banks
SARO,6,8889990350.0,Transportation,Other Transportation
SAP,-1,338179524874.3413,Technology Services,Packaged Software
SANM,3,4870536605.999999,Health Technology,Medical Specialties
SAND,7,1890894290.7842927,Non-Energy Minerals,Precious Metals
SAN,8,91649065801.28831,Finance,Major Banks
SAM,8,2665725540.0,Consumer Non-Durables,Beverages: Alcoholic
SAIL,7,13418100000.0,Technology Services,Packaged Software
SAIC,-1,4933611375.000001,Technology Services,Information Technology Services
SAIA,2,12965896247.999998,Transportation,Trucking
SAH,9,2511260052.0,Retail Trade,Specialty Stores
SAFT,1,1156771010.0,Finance,Property/Casualty Insurance
SAFE,1,1216062230.0,Finance,Real Estate Investment Trusts
SABR,7,1369781694.9999998,Technology Services,Packaged Software
SA,-1,1036325733.6993748,Non-Energy Minerals,Precious Metals
S,7,7969268745.0,Technology Services,Packaged Software
RZC,,13162986048.0,Finance,Multi-Line Insurance
RZB,,13162986048.0,Finance,Multi-Line Insurance
RYTM,4,3484001180.0000005,Health Technology,Biotechnology
RYN,6,3780161094.0,Finance,Real Estate Investment Trusts
RYAN,-1,18002757124.0,Finance,Insurance Brokers/Services
RYAAY,10,22543321936.66592,Transportation,Airlines
RY,9,168441598171.38412,Finance,Major Banks
RXST,1,1201476117.0,Electronic Technology,Electronic Components
RXRX,1,4114724659.0,Health Technology,Biotechnology
RXO,1,3505491603.9999995,Technology Services,Packaged Software
RVTY,-1,13662283444.0,Health Technology,Medical Specialties
RVT,-1,1865140000.0,Miscellaneous,Investment Trusts/Mutual Funds
RVMD,7,7416166967.000001,Health Technology,Pharmaceuticals: Other
RVLV,9,2200643223.0,Retail Trade,Internet Retail
RUSHB,5,4724972324.0,Retail Trade,Specialty Stores
RUSHA,5,4724972324.0,Retail Trade,Specialty Stores
RUN,-1,1978673181.0,Electronic Technology,Semiconductors
RUM,4,7017667965.0,Technology Services,Internet Software/Services
RTX,10,163065157161.0,Electronic Technology,Aerospace & Defense
RTO,6,13406206375.8525,Commercial Services,Miscellaneous Commercial Services
RSKD,5,1001071893.0,Technology Services,Packaged Software
RSI,5,3769122717.0,Consumer Services,Casinos/Gaming
RSG,-1,72453999758.0,Industrial Services,Environmental Services
RS,4,16111062106.0,Non-Energy Minerals,Steel
RRX,5,9084505714.999998,Producer Manufacturing,Electrical Products
RRR,9,5575629215.0,Consumer Services,Hotels/Resorts/Cruise lines
RRC,7,9331443592.0,Energy Minerals,Oil & Gas Production
RQI,-1,1732180000.0,Miscellaneous,Investment Trusts/Mutual Funds
RPRX,-1,18656055544.0,Health Technology,Pharmaceuticals: Major
RPM,4,15873040111.0,Process Industries,Industrial Specialties
RPD,2,2246994589.0,Technology Services,Information Technology Services
RPAY,5,1300319901.0,Commercial Services,Miscellaneous Commercial Services
ROST,9,45780973871.0,Retail Trade,Apparel/Footwear Retail
ROP,5,61504497038.0,Technology Services,Packaged Software
ROOT,-1,1953033920.0,Finance,Insurance Brokers/Services
ROL,9,24564732790.0,Consumer Services,Other Consumer Services
ROKU,7,14384887631.0,Consumer Durables,Electronics/Appliances
ROK,6,33288674212.0,Producer Manufacturing,Electrical Products
ROIV,4,7535082370.000001,Health Technology,Pharmaceuticals: Major
ROG,4,1667134075.9999998,Process Industries,Chemicals: Specialty
ROCK,-1,1785574964.0,Producer Manufacturing,Metal Fabrication
ROAD,5,4340554598.0,Industrial Services,Engineering & Construction
RNW,4,2435935980.0000005,Utilities,Alternative Power Generation
RNST,6,2444100941.0,Finance,Regional Banks
RNR/PG,3,11373565537.0,Finance,Property/Casualty Insurance
RNR/PF,3,11373565537.0,Finance,Property/Casualty Insurance
RNR,-1,11373565537.000002,Finance,Property/Casualty Insurance
RNP,-1,1042410000.0,Miscellaneous,Investment Trusts/Mutual Funds
RNG,5,3036370033.0,Technology Services,Packaged Software
RNA,7,3854884246.0,Health Technology,Biotechnology
RMD,8,34217052726.000008,Health Technology,Medical Specialties
RMBS,6,6709989570.0,Electronic Technology,Semiconductors
RLX,-1,2975547972.0,Producer Manufacturing,Industrial Conglomerates
RLJ/PA,8,1473002215.0,Finance,Real Estate Investment Trusts
RLJ,10,1473002215.0,Finance,Real Estate Investment Trusts
RLI,7,6886049635.0,Finance,Multi-Line Insurance
RL,8,17461712177.0,Consumer Non-Durables,Apparel/Footwear
RKT,9,26130763575.0,Finance,Finance/Rental/Leasing
RKLB,-1,14007508460.0,Electronic Technology,Aerospace & Defense
RJF/PB,6,32752819113.0,Finance,Investment Managers
RJF,6,32752819113.000004,Finance,Investment Managers
RIVN,8,14320006267.000002,Consumer Durables,Motor Vehicles
RITM/PD,6,6252380896.0,Finance,Real Estate Investment Trusts
RITM/PC,6,6252380896.0,Finance,Real Estate Investment Trusts
RITM/PB,-1,6252380896.0,Finance,Real Estate Investment Trusts
RITM/PA,6,6252380896.0,Finance,Real Estate Investment Trusts
RITM,6,6252380896.0,Finance,Real Estate Investment Trusts
RIOT,8,4219985220.0,Technology Services,Information Technology Services
RIO,9,107995709604.965,Non-Energy Minerals,Other Metals/Minerals
RIG,1,3091586859.0,Industrial Services,Contract Drilling
RHP,-1,6133280639.0,Finance,Real Estate Investment Trusts
RHI,4,6147298308.0,Commercial Services,Personnel Services
RH,3,7112426645.999999,Retail Trade,Specialty Stores
RGTI,6,2861513581.0000005,Electronic Technology,Computer Processing Hardware
RGLD,6,9655337353.000002,Non-Energy Minerals,Precious Metals
RGEN,2,8231446447.0,Health Technology,Pharmaceuticals: Major
RGA,-1,13162986048.000002,Finance,Multi-Line Insurance
RF/PF,6,22103566598.0,Finance,Major Banks
RF/PE,6,22103566598.0,Finance,Major Banks
RF/PC,6,22103566598.0,Finance,Major Banks
RF,6,22103566598.0,Finance,Major Banks
REZI,3,3217206973.0000005,Distribution Services,Electronics Distributors
REYN,-1,5031497996.0,Consumer Non-Durables,Household/Personal Care
REXR/PC,9,9196078441.0,Finance,Real Estate Investment Trusts
REXR/PB,9,9196078441.0,Finance,Real Estate Investment Trusts
REXR,9,9196078441.0,Finance,Real Estate Investment Trusts
REVG,6,1750591114.0,Consumer Durables,Motor Vehicles
RES,3,1315630764.0,Industrial Services,Oilfield Services/Equipment
REPL,-1,1085908401.0,Health Technology,Biotechnology
RELY,9,5375379686.0,Commercial Services,Miscellaneous Commercial Services
RELX,7,94773684596.472,Commercial Services,Miscellaneous Commercial Services
REGN,5,73641104367.00002,Health Technology,Pharmaceuticals: Major
REGCP,,13199010504.0,Finance,Real Estate Investment Trusts
REGCO,,13199010504.0,Finance,Real Estate Investment Trusts
REG,-1,13199010504.0,Finance,Real Estate Investment Trusts
REAX,4,1053360042.0,Commercial Services,Miscellaneous Commercial Services
RDY,4,11514466963.194754,Health Technology,Pharmaceuticals: Major
RDWR,7,1004976095.0,Electronic Technology,Computer Communications
RDW,8,1582905514.9999998,Electronic Technology,Aerospace & Defense
RDNT,3,4540059694.999999,Health Services,Medical/Nursing Services
RDN,-1,4880519932.999999,Finance,Specialty Insurance
RDFN,4,1099706811.0,Finance,Real Estate Development
RDDT,9,35514459962.0,Technology Services,Internet Software/Services
RCUS,7,1198802151.0,Health Technology,Biotechnology
RCL,7,70738386996.0,Consumer Services,Hotels/Resorts/Cruise lines
RCKT,6,1113349356.0,Health Technology,Biotechnology
RCI,-1,15391836870.519243,Communications,Wireless Telecommunications
RCD,,1134211619.0,Finance,Real Estate Investment Trusts
RCC,,1134211619.0,Finance,Real Estate Investment Trusts
RCB,,1134211619.0,Finance,Real Estate Investment Trusts
RC/PE,7,1134211619.0,Finance,Real Estate Investment Trusts
RC/PC,7,1134211619.0,Finance,Real Estate Investment Trusts
RC,-1,1134211619.0,Finance,Real Estate Investment Trusts
RBRK,6,14363798937.0,Technology Services,Information Technology Services
RBLX,5,43777962859.99999,Technology Services,Packaged Software
RBCAA,2,1155333458.0,Finance,Regional Banks
RBC,5,11463313656.0,Producer Manufacturing,Metal Fabrication
RBA,7,17759152614.082676,Technology Services,Internet Software/Services
RARE,-1,3923708136.000001,Health Technology,Pharmaceuticals: Major
RAMP,6,2210874287.0,Technology Services,Packaged Software
RACE,6,122470639929.1814,Consumer Durables,Motor Vehicles
R,3,7000407172.0,Finance,Finance/Rental/Leasing
QXO,1,5388101051.0,Commercial Services,Miscellaneous Commercial Services
QUBT,2,1090547313.0,Technology Services,Information Technology Services
QTWO,-1,5533534195.0,Technology Services,Information Technology Services
QSR,6,29082780473.346745,Consumer Services,Restaurants
QS,1,2680224574.0,Producer Manufacturing,Electrical Products
QRVO,8,7113102739.0,Electronic Technology,Semiconductors
QQQX,,1330530000.0,Miscellaneous,Investment Trusts/Mutual Funds
QNST,2,1278449097.0,Commercial Services,Advertising/Marketing Services
QLYS,-1,5260243481.0,Technology Services,Packaged Software
QGEN,7,8678923585.0,Health Technology,Medical Specialties
QFIN,10,7380636837.38136,Finance,Finance/Rental/Leasing
QDEL,2,2728605170.9999995,Health Technology,Medical Specialties
QCRH,6,1304474451.0000002,Finance,Major Banks
QCOM,10,190486375275.0,Electronic Technology,Semiconductors
QBTS,-1,1976803413.0,Electronic Technology,Computer Processing Hardware
PZZA,4,1600745293.0,Consumer Services,Restaurants
PYPL,7,77131233603.0,Commercial Services,Miscellaneous Commercial Services
PYCR,4,4033519832.0,Technology Services,Packaged Software
PX,9,1407562906.0000002,Finance,Investment Managers
PWR,7,42135729461.0,Industrial Services,Engineering & Construction
PWP,-1,2145344351.0,Finance,Investment Banks/Brokers
PVH,8,4323255749.0,Consumer Non-Durables,Apparel/Footwear
PUK,7,23909095102.018,Finance,Life/Health Insurance
PTVE,6,3196299026.0000005,Process Industries,Containers/Packaging
PTON,4,3809953223.0,Consumer Services,Other Consumer Services
PTLO,9,1119270985.0000002,Consumer Services,Restaurants
PTGX,-1,2304655272.0,Health Technology,Biotechnology
PTEN,5,3446601682.0,Industrial Services,Contract Drilling
PTCT,8,3996624593.000001,Health Technology,Pharmaceuticals: Major
PTC,6,20587358383.0,Technology Services,Packaged Software
PSX,7,52879137889.99999,Energy Minerals,Oil Refining/Marketing
PSTG,4,22118867493.000004,Electronic Technology,Computer Peripherals
PSO,-1,11135770560.859,Consumer Services,Publishing: Books/Magazines
PSNYW,3,2348696993.0,Consumer Durables,Motor Vehicles
PSNY,2,2348696993.0,Consumer Durables,Motor Vehicles
PSN,7,7800713559.000001,Technology Services,Information Technology Services
PSMT,1,2794566185.0000005,Retail Trade,Specialty Stores
PSLV,-1,5683330000.0,Miscellaneous,Investment Trusts/Mutual Funds
PSFE,-1,1191150276.0,Commercial Services,Miscellaneous Commercial Services
PSEC/PA,5,1934795311.0,Finance,Investment Managers
PSEC,5,1934795311.0,Finance,Investment Managers
PSA/PS,9,52099359200.0,Finance,Real Estate Investment Trusts
PSA/PR,9,52099359200.0,Finance,Real Estate Investment Trusts
PSA/PQ,9,52099359200.0,Finance,Real Estate Investment Trusts
PSA/PP,-1,52099359200.0,Finance,Real Estate Investment Trusts
PSA/PO,9,52099359200.0,Finance,Real Estate Investment Trusts
PSA/PN,9,52099359200.0,Finance,Real Estate Investment Trusts
PSA/PM,9,52099359200.0,Finance,Real Estate Investment Trusts
PSA/PL,9,52099359200.0,Finance,Real Estate Investment Trusts
PSA/PK,9,52099359200.0,Finance,Real Estate Investment Trusts
PSA/PJ,-1,52099359200.0,Finance,Real Estate Investment Trusts
PSA/PI,9,52099359200.0,Finance,Real Estate Investment Trusts
PSA/PH,9,52099359200.0,Finance,Real Estate Investment Trusts
PSA/PG,9,52099359200.0,Finance,Real Estate Investment Trusts
PSA/PF,9,52099359200.0,Finance,Real Estate Investment Trusts
PSA,9,52099359200.0,Finance,Real Estate Investment Trusts
PRVA,-1,3028834057.0,Finance,Life/Health Insurance
PRU,5,39492239136.0,Finance,Life/Health Insurance
PRSU,3,1124479996.0,Commercial Services,Miscellaneous Commercial Services
PRS,,39492239136.0,Finance,Life/Health Insurance
PRO,2,1282421945.0,Technology Services,Information Technology Services
PRMB,8,12581698956.0,Consumer Non-Durables,Beverages: Non-Alcoholic
PRM,-1,1735725943.0,Process Industries,Chemicals: Major Diversified
PRLB,6,1082855188.0,Process Industries,Chemicals: Specialty
PRKS,1,2892084832.0,Consumer Services,Movies/Entertainment
PRK,5,2708245688.0,Finance,Major Banks
PRIM,4,3948985842.0,Industrial Services,Engineering & Construction
PRI,3,9383369706.0,Finance,Life/Health Insurance
PRH,-1,39492239136.0,Finance,Life/Health Insurance
PRGS,7,2485949521.0000005,Technology Services,Packaged Software
PRGO,4,3341116678.0000005,Health Technology,Pharmaceuticals: Major
PRG,7,1778888694.0000002,Finance,Finance/Rental/Leasing
PRDO,6,1870287602.0,Consumer Services,Other Consumer Services
PRCT,3,3677627187.0,Health Technology,Medical Specialties
PRAX,-1,1691750986.0,Health Technology,Pharmaceuticals: Major
PR,6,11383671596.000002,Energy Minerals,Integrated Oil
PPL,10,24902658555.000004,Utilities,Electric Utilities
PPG,10,27318000000.0,Process Industries,Industrial Specialties
PPC,8,12776144801.000002,Process Industries,Agricultural Commodities/Milling
PPBI,7,2426446187.0,Finance,Regional Banks
POWL,-1,2574370656.0,Producer Manufacturing,Electrical Products
POWI,1,3392068164.0,Electronic Technology,Semiconductors
POST,6,6296031426.0,Consumer Non-Durables,Food: Specialty/Candy
POR,6,4391170992.0,Utilities,Electric Utilities
POOL,6,13101756697.000002,Distribution Services,Wholesale Distributors
PONY,8,5771837291.0,Technology Services,Packaged Software
PODD,-1,19679818012.000004,Health Technology,Medical Specialties
PNW,9,10148846307.0,Utilities,Electric Utilities
PNR,3,15982810215.999998,Producer Manufacturing,Industrial Machinery
PNFPP,,9287956395.0,Finance,Regional Banks
PNFP,3,9287956394.999998,Finance,Regional Banks
PNC,9,76788361450.0,Finance,Major Banks
PMTV,-1,1196075485.0,Finance,Real Estate Investment Trusts
PMTU,,1196075485.0,Finance,Real Estate Investment Trusts
PMT/PC,6,1196075485.0,Finance,Real Estate Investment Trusts
PMT/PB,6,1196075485.0,Finance,Real Estate Investment Trusts
PMT/PA,6,1196075485.0,Finance,Real Estate Investment Trusts
PMT,6,1196075485.0,Finance,Real Estate Investment Trusts
PM,-1,233943839768.0,Consumer Non-Durables,Tobacco
PLYA,8,1716072719.0,Consumer Services,Hotels/Resorts/Cruise lines
PLXS,1,3763719563.0,Electronic Technology,Electronic Production Equipment
PLUS,2,1871400478.0,Technology Services,Packaged Software
PLUG,2,1644063321.0000002,Electronic Technology,Electronic Production Equipment
PLTR,7,271449000833.0,Technology Services,Packaged Software
PLTK,-1,2765531715.0,Technology Services,Packaged Software
PLSE,3,1291234974.0,Health Technology,Medical Specialties
PLNT,7,8550684350.000001,Consumer Services,Other Consumer Services
PLMR,8,3359047918.0,Finance,Property/Casualty Insurance
PLD,6,114726044176.0,Finance,Real Estate Investment Trusts
PLAB,6,1410479124.0,Electronic Technology,Electronic Production Equipment
PL,-1,1811954182.0,Technology Services,Packaged Software
PKX,4,12595172544.479609,Non-Energy Minerals,Steel
PKG,6,19083551216.0,Process Industries,Containers/Packaging
PK,6,2658491691.0,Finance,Real Estate Investment Trusts
PJT,5,6892506556.999999,Finance,Investment Banks/Brokers
PIPR,2,5440354578.0,Finance,Investment Banks/Brokers
PINS,-1,26363088703.0,Technology Services,Internet Software/Services
PINC,5,1622532468.0000002,Health Services,Hospital/Nursing Management
PII,7,2514125652.0,Consumer Durables,Recreational Products
PI,7,2962828034.0,Electronic Technology,Semiconductors
PHYS,-1,9420760000.0,Miscellaneous,Investment Trusts/Mutual Funds
PHR,6,1734422576.0,Technology Services,Packaged Software
PHM,-1,21750057284.0,Consumer Durables,Homebuilding
PHIN,8,2111693688.0,Producer Manufacturing,Auto Parts: OEM
PHI,5,5065730383.990839,Communications,Specialty Telecommunications
PHG,9,26370451459.99264,Health Technology,Medical Specialties
PH,5,90167583973.0,Electronic Technology,Electronic Equipment/Instruments
PGY,4,1132087005.9999998,Technology Services,Packaged Software
PGRE,-1,1024512616.0,Finance,Real Estate Investment Trusts
PGR,8,153834109630.0,Finance,Multi-Line Insurance
PGNY,2,1904027100.0,Commercial Services,Miscellaneous Commercial Services
PG,7,381952909353.0,Consumer Non-Durables,Household/Personal Care
PFSI,1,5215994721.0,Finance,Finance/Rental/Leasing
PFS,8,2433607249.0,Finance,Savings Banks
PFH,-1,39492239136.0,Finance,Life/Health Insurance
PFGC,7,13604893689.999998,Transportation,Other Transportation
PFG,9,19590370309.0,Finance,Investment Managers
PFE,9,144678264575.00003,Health Technology,Pharmaceuticals: Major
PFC,5,1045130662.0,Finance,Regional Banks
PFBC,5,1203605346.0,Finance,Regional Banks
PEP,-1,196659366659.0,Consumer Non-Durables,Food: Specialty/Candy
PENN,6,3469266415.0,Consumer Services,Movies/Entertainment
PENG,9,1147882773.9999998,Electronic Technology,Semiconductors
PEN,9,10311340174.000002,Health Technology,Medical Specialties
PEGA,7,7303121841.000001,Technology Services,Information Technology Services
PEG,8,41701464697.0,Utilities,Electric Utilities
PECO,-1,5054506054.0,Finance,Real Estate Investment Trusts
PEBO,4,1160678616.0,Finance,Regional Banks
PEB/PH,6,1456669214.0,Finance,Real Estate Investment Trusts
PEB/PG,6,1456669214.0,Finance,Real Estate Investment Trusts
PEB/PF,6,1456669214.0,Finance,Real Estate Investment Trusts
PEB/PE,6,1456669214.0,Finance,Real Estate Investment Trusts
PEB,-1,1456669214.0,Finance,Real Estate Investment Trusts
PDI,-1,6820010000.0,Miscellaneous,Investment Trusts/Mutual Funds
PDD,5,172429764644.0,Retail Trade,Department Stores
PDCO,8,2738754090.9999995,Distribution Services,Medical Distributors
PD,4,1739992733.0,Technology Services,Packaged Software
PCVX,6,10469469635.0,Health Technology,Biotechnology
PCTY,-1,12125288813.0,Technology Services,Packaged Software
PCTTU,,1615901326.0,Industrial Services,Environmental Services
PCT,7,1615901326.0,Industrial Services,Environmental Services
PCRX,7,1174647170.0,Health Technology,Pharmaceuticals: Major
PCOR,5,13008092117.000002,Technology Services,Packaged Software
PCH,10,3463520496.0,Finance,Real Estate Investment Trusts
PCG/PX,-1,33538708239.0,Utilities,Electric Utilities
PCG,4,33538708239.0,Utilities,Electric Utilities
PCAR,1,55554884432.00001,Producer Manufacturing,Trucks/Construction/Farm Machinery
PBR.A,,86996362457.98799,Energy Minerals,Integrated Oil
PBR,9,86996362457.98799,Energy Minerals,Integrated Oil
PBI/PB,5,1924211721.0,Technology Services,Information Technology Services
PBI,-1,1924211721.0,Technology Services,Information Technology Services
PBH,5,4260254066.000001,Health Technology,Pharmaceuticals: Major
PBF,4,2670864612.0,Energy Minerals,Oil Refining/Marketing
PBA,9,21044249212.30043,Industrial Services,Oil & Gas Pipelines
PB,8,7417306774.0,Finance,Regional Banks
PAYX,9,53019284011.99999,Technology Services,Data Processing Services
PAYO,-1,3765838333.0,Commercial Services,Miscellaneous Commercial Services
PAYC,8,11692521996.0,Technology Services,Packaged Software
PAY,7,3881562520.0,Commercial Services,Miscellaneous Commercial Services
PAX,4,1964830891.0,Finance,Investment Managers
PATK,4,3217501953.0000005,Consumer Durables,Homebuilding
PATH,2,8205512151.000001,Technology Services,Packaged Software
PARAA,-1,8020367810.0,Consumer Services,Broadcasting
PARA,8,8020367809.999999,Consumer Services,Broadcasting
PAR,6,2465841254.0,Electronic Technology,Electronic Equipment/Instruments
PANW,5,131259687641.0,Technology Services,Packaged Software
PAM,8,5082167722.553504,Utilities,Electric Utilities
PAHC,6,1043777997.0,Health Technology,Pharmaceuticals: Major
PAGS,-1,2650051795.0,Commercial Services,Miscellaneous Commercial Services
PAGP,6,4166526308.000001,Industrial Services,Oil & Gas Pipelines
PAG,1,11647213312.0,Retail Trade,Specialty Stores
PACS,2,2077827056.0000005,Health Services,Hospital/Nursing Management
PAC,7,10001865483.66641,Transportation,Other Transportation
PAAS,7,8879967094.142073,Non-Energy Minerals,Precious Metals
PAA,-1,13932646997.0,Industrial Services,Oil & Gas Pipelines
OZKAP,,5882578404.0,Finance,Regional Banks
OZK,7,5882578404.0,Finance,Regional Banks
OXY,7,45096769647.0,Energy Minerals,Integrated Oil
OXM,5,1155596048.0000002,Consumer Non-Durables,Apparel/Footwear
OXLC,-1,2058410000.0,Miscellaneous,Investment Trusts/Mutual Funds
OWL,-1,35754875224.00001,Finance,Investment Managers
OVV,5,11488118824.999998,Energy Minerals,Integrated Oil
OUT,8,3198548092.0,Finance,Real Estate Investment Trusts
OTTR,7,3220335213.0,Utilities,Electric Utilities
OTIS,3,38359204133.0,Producer Manufacturing,Building Products
OTEX,7,7500240000.0,Technology Services,Packaged Software
OSW,-1,2339593849.0,Consumer Services,Other Consumer Services
OSK,5,6987980542.000001,Consumer Durables,Motor Vehicles
OSIS,5,3555904410.0,Electronic Technology,Aerospace & Defense
OSCR,4,2850219704.0000005,Health Services,Managed Health Care
OS,7,3848230000.0,Technology Services,Packaged Software
ORLY,7,76135236793.99998,Retail Trade,Specialty Stores
ORLA,-1,2238412797.160768,Non-Energy Minerals,Precious Metals
ORI,8,9232017803.0,Finance,Specialty Insurance
ORCL,8,487117876727.0,Technology Services,Packaged Software
ORA,7,3819092846.0,Utilities,Electric Utilities
OR,3,3672531157.4898033,Non-Energy Minerals,Precious Metals
OPRA,10,3868352441.0,Technology Services,Packaged Software
OPK,-1,1119272063.0,Health Services,Medical/Nursing Services
OPFI,9,1130268449.0,Finance,Finance/Rental/Leasing
OPEN,3,1108358099.0,Finance,Real Estate Development
OPCH,2,5353901297.000001,Health Services,Medical/Nursing Services
ONTO,5,8720034201.000002,Electronic Technology,Electronic Equipment/Instruments
ONON,9,16655858198.0,Consumer Non-Durables,Apparel/Footwear
ONC,-1,26397750219.76416,Health Technology,Pharmaceuticals: Major
ONBPP,,7620577352.0,Finance,Major Banks
ONBPO,,7620577352.0,Finance,Major Banks
ONB,8,7620577352.0,Finance,Major Banks
ON,2,21842257010.0,Electronic Technology,Semiconductors
OMF,6,6799202693.0,Finance,Finance/Rental/Leasing
OMCL,-1,1834609501.0,Technology Services,Information Technology Services
OMC,10,16145637306.000002,Commercial Services,Advertising/Marketing Services
OMAB,10,3899638448.88715,Transportation,Other Transportation
OLO,8,1186623153.0,Technology Services,Packaged Software
OLN,6,3227391061.0,Process Industries,Industrial Specialties
OLLI,8,6639349676.0,Retail Trade,Department Stores
OLED,-1,6763250455.999999,Electronic Technology,Electronic Production Equipment
OKTA,7,16499743310.0,Technology Services,Packaged Software
OKLO,4,6424705877.0,Producer Manufacturing,Industrial Machinery
OKE,8,61053830246.0,Industrial Services,Oil & Gas Pipelines
OII,6,2575008496.9999995,Producer Manufacturing,Industrial Machinery
OI,3,1782561161.0,Process Industries,Containers/Packaging
OHI,-1,10258867434.0,Finance,Real Estate Investment Trusts
OGS,6,4052550548.000001,Utilities,Gas Distributors
OGN,5,3935194008.000001,Health Technology,Pharmaceuticals: Major
OGE,8,8747260796.0,Utilities,Electric Utilities
OGCP,3,2410589668.0,Finance,Real Estate Investment Trusts
OFG,7,1918534880.0,Finance,Major Banks
ODFL,-1,44053079161.0,Transportation,Trucking
ODD,10,2445267044.0000005,Technology Services,Packaged Software
OCUL,1,1144542869.0000002,Health Technology,Pharmaceuticals: Major
OCSL,10,1297831178.0,Finance,Investment Managers
OCFCP,,1068141222.0,Finance,Savings Banks
OCFC,5,1068141222.0,Finance,Savings Banks
OC,-1,15387991205.0,Process Industries,Containers/Packaging
OBK,9,1251736336.0,Finance,Regional Banks
OBDC,10,7861949832.0,Finance,Finance/Rental/Leasing
O,8,47690252105.0,Finance,Real Estate Investment Trusts
NZF,,2454550000.0,Miscellaneous,Investment Trusts/Mutual Funds
NYT,6,8156733653.999999,Consumer Services,Publishing: Newspapers
NYAX,-1,1442028765.0903308,Technology Services,Packaged Software
NXT,10,6887780106.0,Electronic Technology,Electronic Equipment/Instruments
NXST,6,4756903909.0,Consumer Services,Broadcasting
NXRT,6,1024335886.0,Finance,Real Estate Investment Trusts
NXPI,6,56966431234.99999,Electronic Technology,Semiconductors
NXE,4,3429523188.3658533,Non-Energy Minerals,Other Metals/Minerals
NX,-1,1090066819.0,Producer Manufacturing,Building Products
NWSA,8,18021466456.0,Consumer Services,Publishing: Newspapers
NWS,4,18021466456.0,Consumer Services,Publishing: Newspapers
NWN,8,1630966314.9999998,Utilities,Gas Distributors
NWL,2,2934879929.0000005,Producer Manufacturing,Industrial Conglomerates
NWG,7,43283074011.2505,Finance,Major Banks
NWE,-1,3186604760.0,Utilities,Alternative Power Generation
NWBI,6,1662704357.0000002,Finance,Savings Banks
NVT,6,11261862592.999998,Electronic Technology,Electronic Components
NVST,6,3722706101.0,Health Technology,Medical Specialties
NVS,7,209128430282.22028,Health Technology,Pharmaceuticals: Major
NVR,2,22026824344.000004,Consumer Durables,Homebuilding
NVO,-1,346815068510.99744,Health Technology,Pharmaceuticals: Major
NVMI,10,7845732997.0,Electronic Technology,Electronic Equipment/Instruments
NVGS,10,1137647128.0,Transportation,Marine Shipping
NVG,,2701050000.0,Miscellaneous,Investment Trusts/Mutual Funds
NVEE,6,1138059335.0,Industrial Services,Engineering & Construction
NVDA,9,3400436649474.9995,Electronic Technology,Semiconductors
NVCR,-1,2432368297.0,Health Technology,Medical Specialties
NVAX,4,1311915063.0,Health Technology,Biotechnology
NUVL,2,5537125706.0,Health Technology,Biotechnology
NUV,,1840900000.0,Miscellaneous,Investment Trusts/Mutual Funds
NUE,8,32350177990.0,Non-Energy Minerals,Steel
NU,6,65064635170.0,Finance,Regional Banks
NTST,-1,1138283149.0,Finance,Real Estate Investment Trusts
NTRSO,,21956661538.0,Finance,Investment Managers
NTRS,2,21956661538.0,Finance,Investment Managers
NTRA,9,22891088683.0,Health Technology,Medical Specialties
NTR,10,25115698999.047817,Non-Energy Minerals,Other Metals/Minerals
NTNX,6,18880904328.0,Technology Services,Packaged Software
NTLA,-1,1089779699.0,Health Technology,Biotechnology
NTES,7,66302078609.04872,Technology Services,Packaged Software
NTCT,3,1737898407.9999998,Technology Services,Packaged Software
NTB,7,1889959689.0,Finance,Regional Banks
NTAP,7,24205662702.0,Electronic Technology,Computer Peripherals
NSP,5,3264714138.0,Commercial Services,Miscellaneous Commercial Services
NSIT,-1,5259132925.0,Technology Services,Information Technology Services
NSC,8,57964873620.99999,Transportation,Railroads
NSA/PB,7,5020694105.0,Finance,Real Estate Investment Trusts
NSA/PA,7,5020694105.0,Finance,Real Estate Investment Trusts
NSA,7,5020694105.0,Finance,Real Estate Investment Trusts
NRP,7,1332315419.0,Energy Minerals,Coal
NRIX,-1,1334849138.9999998,Health Technology,Pharmaceuticals: Major
NRG,8,21796141720.0,Utilities,Electric Utilities
NRDS,7,1022269045.0,Technology Services,Packaged Software
NPWR,3,1667345332.0,Producer Manufacturing,Electrical Products
NPO,4,4050669939.0,Producer Manufacturing,Industrial Machinery
NOW,7,203245781006.0,Technology Services,Packaged Software
NOVT,-1,5142856677.999999,Electronic Technology,Electronic Equipment/Instruments
NOV,5,6046367948.0,Industrial Services,Oilfield Services/Equipment
NOMD,8,2940122937.0,Consumer Non-Durables,Food: Specialty/Candy
NOK,10,27198782160.060165,Electronic Technology,Telecommunications Equipment
NOG,8,3504861597.0,Energy Minerals,Oil & Gas Production
NOC,6,63533258734.0,Electronic Technology,Aerospace & Defense
NNN,-1,7584648981.0,Finance,Real Estate Investment Trusts
NNI,6,4098382133.000001,Finance,Finance/Rental/Leasing
NNE,7,1204393198.0,Producer Manufacturing,Electrical Products
NN,4,1660919819.0,Technology Services,Packaged Software
NMZ,,1238040000.0,Miscellaneous,Investment Trusts/Mutual Funds
NMRK,5,2513088666.0,Finance,Real Estate Development
NMR,-1,19881360774.430588,Finance,Investment Banks/Brokers
NMM,4,1311512328.9999998,Transportation,Marine Shipping
NMIH,7,2809977322.0,Finance,Property/Casualty Insurance
NMFCZ,,1286667444.0,Finance,Investment Managers
NMFC,5,1286667444.0,Finance,Investment Managers
NLY/PI,8,12278536872.0,Finance,Real Estate Investment Trusts
NLY/PG,-1,12278536872.0,Finance,Real Estate Investment Trusts
NLY/PF,8,12278536872.0,Finance,Real Estate Investment Trusts
NLY,8,12278536872.0,Finance,Real Estate Investment Trusts
NKE,9,108036104709.00002,Consumer Non-Durables,Apparel/Footwear
NJR,9,4580217676.999999,Utilities,Gas Distributors
NIO,6,8532068896.528641,Consumer Durables,Motor Vehicles
NICE,-1,11096007095.004698,Technology Services,Information Technology Services
NIC,5,1802279155.0,Finance,Major Banks
NI,7,18647204909.0,Utilities,Gas Distributors
NHI,6,3070076999.0,Finance,Real Estate Investment Trusts
NHC,3,1586724443.0,Health Services,Hospital/Nursing Management
NGVT,4,1639344790.0000002,Process Industries,Chemicals: Major Diversified
NGVC,7,1122254204.9999998,Retail Trade,Food Retail
NGG,7,58839749268.667496,Utilities,Electric Utilities
NGD,10,2301519007.063107,Non-Energy Minerals,Precious Metals
NG,5,1054136664.5637584,Non-Energy Minerals,Precious Metals
NFLX,5,452823634527.0,Technology Services,Internet Software/Services
NFJ,-1,1219150000.0,Miscellaneous,Investment Trusts/Mutual Funds
NFG,10,6537866383.0,Energy Minerals,Integrated Oil
NFE,5,3054744354.0,Utilities,Gas Distributors
NEXT,8,2113564504.0,Energy Minerals,Oil & Gas Production
NEU,4,5204717659.0,Process Industries,Chemicals: Specialty
NET,9,58652552949.0,Technology Services,Information Technology Services
NEOG,-1,2132559656.0,Health Technology,Medical Specialties
NEO,3,1850963760.0,Health Services,Medical/Nursing Services
NEM,6,52983484494.0,Non-Energy Minerals,Precious Metals
NEE/PT,7,139958888041.0,Utilities,Electric Utilities
NEE/PS,7,139958888041.0,Utilities,Electric Utilities
NEE/PR,7,139958888041.0,Utilities,Electric Utilities
NEE,-1,139958888041.0,Utilities,Electric Utilities
NEA,,3456350000.0,Miscellaneous,Investment Trusts/Mutual Funds
NE,9,4670350301.000001,Industrial Services,Contract Drilling
NDSN,7,12354937243.0,Producer Manufacturing,Industrial Machinery
NDAQ,9,46503641899.0,Finance,Investment Banks/Brokers
NCNO,4,3965942104.000001,Technology Services,Packaged Software
NCLH,-1,11599504123.0,Consumer Services,Hotels/Resorts/Cruise lines
NBTB,4,2266642651.0,Finance,Major Banks
NBIX,7,11467898735.000002,Health Technology,Pharmaceuticals: Major
NBIS,10,10475367833.0,Technology Services,Internet Software/Services
NBHC,2,1638002388.0000002,Finance,Regional Banks
NAVI,1,1491278769.0,Finance,Finance/Rental/Leasing
NATL,-1,2208698818.0,Electronic Technology,Computer Processing Hardware
NARI,7,4680988152.0,Health Technology,Medical Specialties
NAMS,10,2127044106.0,Health Technology,Pharmaceuticals: Major
NAD,,2775190000.0,Miscellaneous,Investment Trusts/Mutual Funds
NAC,,1654170000.0,Miscellaneous,Investment Trusts/Mutual Funds
NABL,2,1844553922.0,Technology Services,Packaged Software
MYRG,-1,2160334675.0000005,Industrial Services,Engineering & Construction
MYGN,6,1325472913.0000002,Health Technology,Medical Specialties
MXL,6,1371909933.0000002,Electronic Technology,Semiconductors
MWA,6,4209395728.000001,Producer Manufacturing,Industrial Machinery
MUSA,4,9859084465.0,Retail Trade,Specialty Stores
MUR,4,4121533197.0,Energy Minerals,Oil & Gas Production
MUFG,-1,143864614201.22333,Finance,Major Banks
MUC,-1,1031310000.0,Miscellaneous,Investment Trusts/Mutual Funds
MU,6,110882381259.99998,Electronic Technology,Semiconductors
MTZ,6,10758524142.0,Industrial Services,Engineering & Construction
MTX,4,2283551364.0,Process Industries,Chemicals: Specialty
MTTR,8,1695200615.0,Technology Services,Packaged Software
MTSR,-1,3142356529.0,Health Technology,Pharmaceuticals: Major
MTSI,5,9152718949.0,Electronic Technology,Semiconductors
MTRN,6,2013081886.0,Electronic Technology,Electronic Equipment/Instruments
MTN,7,6174706903.0,Consumer Services,Hotels/Resorts/Cruise lines
MTH,1,5338661653.0,Consumer Durables,Homebuilding
MTG,4,6255590786.0,Finance,Property/Casualty Insurance
MTDR,-1,7135751705.0,Energy Minerals,Integrated Oil
MTD,4,26603852975.000004,Health Technology,Medical Specialties
MTCH,9,8710346564.0,Technology Services,Internet Software/Services
MTB/PJ,7,32990743977.0,Finance,Regional Banks
MTB/PH,7,32990743977.0,Finance,Regional Banks
MTB,7,32990743977.0,Finance,Regional Banks
MT,-1,23398699512.18592,Non-Energy Minerals,Steel
MSTR,10,87195131969.0,Technology Services,Internet Software/Services
MSM,7,4549726349.0,Distribution Services,Wholesale Distributors
MSI,8,73222217843.0,Electronic Technology,Telecommunications Equipment
MSGS,1,5082269634.0,Consumer Services,Movies/Entertainment
MSGE,5,1811771086.0,Consumer Services,Movies/Entertainment
MSFT,-1,3036261186690.0,Technology Services,Packaged Software
MSDL,8,1848758411.0,Finance,Financial Conglomerates
MSCI,6,44465865384.00001,Technology Services,Data Processing Services
MSA,2,6220799265.999999,Consumer Durables,Other Consumer Specialties
MS/PQ,5,223853397891.0,Finance,Investment Managers
MS/PP,5,223853397891.0,Finance,Investment Managers
MS/PO,-1,223853397891.0,Finance,Investment Managers
MS/PL,5,223853397891.0,Finance,Investment Managers
MS/PK,5,223853397891.0,Finance,Investment Managers
MS/PI,5,223853397891.0,Finance,Investment Managers
MS/PF,5,223853397891.0,Finance,Investment Managers
MS/PE,5,223853397891.0,Finance,Investment Managers
MS/PA,-1,223853397891.0,Finance,Investment Managers
MS,5,223853397891.0,Finance,Investment Managers
MRX,9,2547341824.0000005,Technology Services,Internet Software/Services
MRVL,8,92163103548.0,Electronic Technology,Semiconductors
MRVI,5,1060615476.0,Health Technology,Biotechnology
MRUS,5,2752239846.0,Health Technology,Biotechnology
MRTN,-1,1251038761.0,Transportation,Trucking
MRNA,1,12695140200.0,Health Technology,Biotechnology
MRK,8,209985068363.00003,Health Technology,Pharmaceuticals: Major
MRCY,9,2652827437.0,Electronic Technology,Aerospace & Defense
MRC,8,1147370732.0000002,Distribution Services,Wholesale Distributors
MQ,2,1801083961.0,Commercial Services,Miscellaneous Commercial Services
MPWR,-1,33410884207.0,Electronic Technology,Semiconductors
MPW,5,2971980006.0,Finance,Real Estate Investment Trusts
MPLX,9,54842659027.00001,Industrial Services,Oil & Gas Pipelines
MPC,9,49314959228.99999,Energy Minerals,Oil Refining/Marketing
MP,10,3871275012.0,Non-Energy Minerals,Other Metals/Minerals
MOS,9,8420776822.0,Process Industries,Chemicals: Agricultural
MORN,-1,13938215115.000002,Finance,Investment Managers
MOMO,4,1361387985.0,Technology Services,Packaged Software
MOH,7,15111539931.999998,Health Services,Managed Health Care
MOG.B,,5742104641.0,Electronic Technology,Aerospace & Defense
MOG.A,4,5742104640.999999,Electronic Technology,Aerospace & Defense
MODG,2,1336400069.9999998,Consumer Durables,Recreational Products
MOD,-1,4872558458.0,Producer Manufacturing,Industrial Machinery
MO,10,90316585697.0,Consumer Non-Durables,Tobacco
MNST,10,47896595931.99999,Consumer Non-Durables,Beverages: Non-Alcoholic
MNSO,9,7187422810.421241,Retail Trade,Specialty Stores
MNR,7,1876331227.0,Energy Minerals,Integrated Oil
MNKD,9,1494715044.0000002,Health Technology,Pharmaceuticals: Major
MNDY,-1,15880022615.0,Technology Services,Packaged Software
MMYT,8,11371270437.0,Technology Services,Internet Software/Services
MMSI,9,6302335504.0,Health Technology,Medical Specialties
MMS,3,3840336987.0,Commercial Services,Miscellaneous Commercial Services
MMM,8,80685798978.00002,Producer Manufacturing,Industrial Conglomerates
MMI,1,1525771528.0000002,Finance,Real Estate Development
MMC,-1,112385538300.0,Finance,Insurance Brokers/Services
MLTX,7,2761343612.0,Health Technology,Pharmaceuticals: Major
MLNK,6,1432713424.0,Technology Services,Packaged Software
MLM,5,32232441331.0,Non-Energy Minerals,Construction Materials
MLKN,5,1549253787.9999998,Producer Manufacturing,Office Equipment/Supplies
MLI,3,9244388772.0,Producer Manufacturing,Metal Fabrication
MLCO,-1,2631576778.0,Consumer Services,Casinos/Gaming
MKTX,7,7295417748.0,Finance,Investment Banks/Brokers
MKSI,4,6976880462.0,Producer Manufacturing,Industrial Machinery
MKL,8,23891847954.0,Finance,Property/Casualty Insurance
MKC.V,,20632931375.000004,Consumer Non-Durables,Food: Specialty/Candy
MKC,4,20632931375.0,Consumer Non-Durables,Food: Specialty/Candy
MIRM,-1,2402149300.0,Health Technology,Pharmaceuticals: Major
MIR,10,3781680941.0,Electronic Technology,Aerospace & Defense
MIDD,5,9055001992.0,Producer Manufacturing,Industrial Machinery
MHO,5,3243930727.9999995,Consumer Durables,Homebuilding
MHK,1,7638304462.0,Producer Manufacturing,Building Products
MGY,6,4619153746.0,Energy Minerals,Oil & Gas Production
MGRE,-1,5140690504.0,Finance,Investment Managers
MGRD,,5140690504.0,Finance,Investment Managers
MGRC,10,2955471426.0,Finance,Finance/Rental/Leasing
MGRB,,5140690504.0,Finance,Investment Managers
MGR,,5140690504.0,Finance,Investment Managers
MGNI,6,2813808899.0,Technology Services,Packaged Software
MGM,-1,11853048859.000002,Consumer Services,Casinos/Gaming
MGEE,8,3238401318.0,Utilities,Electric Utilities
MGA,5,10875903307.15072,Producer Manufacturing,Auto Parts: OEM
MFIC,-1,1358880000.0,Finance,Investment Managers
MFG,7,71710170309.75832,Finance,Major Banks
MFC,9,52013295222.20158,Finance,Multi-Line Insurance
MFAO,-1,1087179282.0,Finance,Real Estate Investment Trusts
MFAN,,1087179282.0,Finance,Real Estate Investment Trusts
MFA/PC,8,1087179282.0,Finance,Real Estate Investment Trusts
MFA/PB,8,1087179282.0,Finance,Real Estate Investment Trusts
MFA,9,1087179282.0,Finance,Real Estate Investment Trusts
META,10,1866646738798.0,Technology Services,Internet Software/Services
MET/PF,-1,56307638894.0,Finance,Multi-Line Insurance
MET/PE,10,56307638894.0,Finance,Multi-Line Insurance
MET/PA,10,56307638894.0,Finance,Multi-Line Insurance
MET,10,56307638894.0,Finance,Multi-Line Insurance
MESO,7,2245630544.8166,Health Technology,Biotechnology
MER/PK,,357406086860.0,Finance,Major Banks
MEOH,-1,3104223326.878677,Process Industries,Chemicals: Specialty
MELI,10,106970956421.0,Retail Trade,Internet Retail
MEDP,8,10364045499.0,Commercial Services,Miscellaneous Commercial Services
MDXG,2,1234348130.9999998,Health Technology,Medical Specialties
MDU,6,3419205699.9999995,Utilities,Gas Distributors
MDT,9,119008927538.00002,Health Technology,Medical Specialties
MDLZ,-1,78672199014.0,Consumer Non-Durables,Food: Specialty/Candy
MDGL,7,7354469079.000001,Health Technology,Pharmaceuticals: Major
MDB,6,21568919174.0,Technology Services,Packaged Software
MD,5,1206620838.0000002,Health Services,Medical/Nursing Services
MCY,3,3035850882.0,Finance,Property/Casualty Insurance
MCW,4,2542552216.0,Consumer Services,Other Consumer Services
MCRI,-1,1737214252.0,Consumer Services,Hotels/Resorts/Cruise lines
MCO,5,94738611271.0,Commercial Services,Financial Publishing/Services
MCK,10,74405017583.0,Distribution Services,Medical Distributors
MCHP,7,29988784849.0,Electronic Technology,Semiconductors
MCD,6,221112996584.0,Consumer Services,Restaurants
MC,6,5824288530.0,Finance,Investment Banks/Brokers
MBLY,-1,14574534271.0,Technology Services,Packaged Software
MBINN,,1976548083.0,Finance,Regional Banks
MBINM,,1976548083.0,Finance,Regional Banks
MBINL,,1976548083.0,Finance,Regional Banks
MBIN,5,1976548083.0,Finance,Regional Banks
MBC,7,2145505949.0,Consumer Durables,Home Furnishings
MATX,-1,4859306845.0,Transportation,Marine Shipping
MAT,10,7391586045.999999,Consumer Durables,Recreational Products
MASI,8,9707439798.0,Health Technology,Medical Specialties
MAS,3,16617386847.000002,Producer Manufacturing,Building Products
MARA,8,5735563729.0,Technology Services,Data Processing Services
MAR,2,78165131971.0,Consumer Services,Hotels/Resorts/Cruise lines
MANU,-1,2654902669.0000005,Consumer Services,Movies/Entertainment
MANH,10,11638630611.000002,Technology Services,Packaged Software
MAN,4,2592764783.0,Commercial Services,Personnel Services
MAIN,7,5420313109.0,Finance,Investment Managers
MAG,10,1694233986.3565893,Non-Energy Minerals,Precious Metals
MAC,6,5094813362.0,Finance,Real Estate Investment Trusts
MAA/PI,-1,18353579330.0,Finance,Real Estate Investment Trusts
MAA,10,18353579330.0,Finance,Real Estate Investment Trusts
MA,10,514998737816.0,Commercial Services,Miscellaneous Commercial Services
M,5,4175642011.0,Retail Trade,Department Stores
LZB,3,1885726003.0,Consumer Durables,Home Furnishings
LZ,8,1586507891.0000002,Commercial Services,Miscellaneous Commercial Services
LYV,-1,35456940708.0,Consumer Services,Movies/Entertainment
LYG,7,48928488529.420494,Finance,Major Banks
LYFT,1,5570990467.0,Technology Services,Packaged Software
LYB,8,24908845985.0,Process Industries,Chemicals: Specialty
LXP/PC,7,2510731144.0,Finance,Real Estate Investment Trusts
LXP,9,2510731144.0,Finance,Real Estate Investment Trusts
LX,-1,1348185859.0,Finance,Finance/Rental/Leasing
LW,7,8338775267.0,Consumer Non-Durables,Food: Specialty/Candy
LVS,8,31050086844.0,Consumer Services,Casinos/Gaming
LUV,8,17945777660.000004,Transportation,Airlines
LUNR,7,2940461460.9999995,Electronic Technology,Aerospace & Defense
LUMN,8,4668136280.0,Communications,Major Telecommunications
LULU,-1,46531531342.0,Retail Trade,Internet Retail
LUCK,7,1755998799.0,Consumer Services,Movies/Entertainment
LU,7,2425208357.3310003,Finance,Finance/Rental/Leasing
LTM,4,9769287403.8697,Transportation,Airlines
LTH,10,6693494748.0,Consumer Services,Other Consumer Services
LTC,7,1557875057.0,Finance,Real Estate Investment Trusts
LSTR,-1,5716583890.0,Transportation,Trucking
LSPD,1,2071273946.7000515,Technology Services,Packaged Software
LSCC,10,8888103897.999998,Electronic Technology,Semiconductors
LRN,10,6105239118.000001,Consumer Services,Other Consumer Services
LRCX,6,106223029449.0,Producer Manufacturing,Industrial Machinery
LQDT,7,1132313962.0,Retail Trade,Internet Retail
LQDA,-1,1371113302.0000002,Health Technology,Pharmaceuticals: Major
LPX,4,7891969038.000001,Non-Energy Minerals,Forest Products
LPLA,10,28003465267.0,Finance,Investment Banks/Brokers
LPL,5,3287850000.0,Electronic Technology,Electronic Production Equipment
LOW,4,142173225856.0,Retail Trade,Home Improvement Chains
LOT,2,1726940548.0,Consumer Durables,Motor Vehicles
LOPE,-1,5354079801.0,Commercial Services,Miscellaneous Commercial Services
LOMA,4,1606947017.68821,Non-Energy Minerals,Construction Materials
LOGI,7,15688762387.513988,Electronic Technology,Computer Peripherals
LOB,1,1533276605.0000002,Finance,Regional Banks
LOAR,8,6374910445.000001,Electronic Technology,Aerospace & Defense
LNW,9,8567630629.999999,Consumer Services,Casinos/Gaming
LNTH,-1,5557975776.0,Health Technology,Medical Specialties
LNT,6,15737230181.0,Utilities,Electric Utilities
LNN,5,1446113599.0000002,Producer Manufacturing,Trucks/Construction/Farm Machinery
LNG,6,47906429964.00001,Industrial Services,Oil & Gas Pipelines
LNC/PD,9,6658715144.0,Finance,Multi-Line Insurance
LNC,8,6658715144.0,Finance,Multi-Line Insurance
LMT,-1,99612963842.0,Electronic Technology,Aerospace & Defense
LMND,7,2579131945.0,Finance,Property/Casualty Insurance
LMB,6,1028445029.0,Miscellaneous,Miscellaneous
LMAT,3,2218048818.0,Health Technology,Medical Specialties
LLYVK,-1,7371169999.999999,Consumer Services,Media Conglomerates
LLYVA,-1,7254660000.000001,Consumer Services,Media Conglomerates
LLY,-1,801478762484.0,Health Technology,Pharmaceuticals: Major
LKQ,10,10167033036.999998,Consumer Durables,Automotive Aftermarket
LKFN,2,1718599900.0,Finance,Regional Banks
LIVN,2,2589063813.0000005,Health Technology,Medical Specialties
LITE,7,5375455784.000001,Producer Manufacturing,Electrical Products
LION,5,2566376086.0000005,Consumer Services,Movies/Entertainment
LINE,-1,12875568858.0,Finance,Real Estate Investment Trusts
LIN,8,217604159363.0,Process Industries,Chemicals: Specialty
LILAK,1,1441939007.0,Communications,Major Telecommunications
LILA,1,1441939006.9999998,Communications,Major Telecommunications
LII,2,22137666332.000004,Producer Manufacturing,Industrial Machinery
LIF,4,3469008893.0000005,Technology Services,Packaged Software
LI,-1,25898442771.8016,Consumer Durables,Motor Vehicles
LHX,7,37480365818.0,Electronic Technology,Aerospace & Defense
LH,8,20616241494.0,Health Services,Medical/Nursing Services
LGND,8,2267444687.0000005,Health Technology,Pharmaceuticals: Major
LGIH,3,2001233044.0,Consumer Durables,Homebuilding
LGF.B,6,2262137733.0,Consumer Services,Movies/Entertainment
LGF.A,-1,2262137733.0,Consumer Services,Movies/Entertainment
LFUS,4,6126001838.0,Electronic Technology,Electronic Production Equipment
LFST,3,3049641565.9999995,Health Services,Medical/Nursing Services
LEVI,5,7232738995.0,Consumer Non-Durables,Apparel/Footwear
LEU,10,1911055492.0,Non-Energy Minerals,Other Metals/Minerals
LEN.B,,32768433948.0,Consumer Durables,Homebuilding
LEN,-1,32768433948.0,Consumer Durables,Homebuilding
LEGN,7,6681267002.0,Health Technology,Pharmaceuticals: Major
LEG,2,1403380792.0,Consumer Durables,Home Furnishings
LECO,2,12064965854.0,Producer Manufacturing,Industrial Machinery
LEA,5,5236869117.000001,Producer Manufacturing,Auto Parts: OEM
LDOS,6,17348196119.0,Electronic Technology,Aerospace & Defense
LCII,-1,2814099984.0,Producer Manufacturing,Miscellaneous Manufacturing
LCID,8,9968682220.0,Consumer Durables,Motor Vehicles
LC,9,1597579325.0,Finance,Major Banks
LBTYK,3,3994319879.0,Communications,Specialty Telecommunications
LBTYB,3,3953398116.319822,Communications,Specialty Telecommunications
LBTYA,3,3994319879.000001,Communications,Specialty Telecommunications
LBRT,-1,2900055464.0000005,Industrial Services,Oilfield Services/Equipment
LBRDP,,11674075484.0,Communications,Wireless Telecommunications
LBRDK,6,11674075484.0,Communications,Wireless Telecommunications
LBRDA,6,11674075483.999998,Communications,Wireless Telecommunications
LB,10,5528741657.999999,Commercial Services,Miscellaneous Commercial Services
LAZ,2,4997550376.0,Finance,Investment Banks/Brokers
LAUR,-1,3030274164.9999995,Commercial Services,Miscellaneous Commercial Services
LANC,3,5200906590.0,Consumer Non-Durables,Food: Specialty/Candy
LAMR,7,13310608438.0,Finance,Real Estate Investment Trusts
LADR,9,1476977323.0,Finance,Real Estate Investment Trusts
LAD,8,10111996853.0,Retail Trade,Specialty Stores
L,4,17669616769.0,Finance,Property/Casualty Insurance
KYN,-1,2193560000.0,Finance,Investment Managers
KYMR,3,2388543376.0,Health Technology,Biotechnology
KWR,7,2489404400.9999995,Process Industries,Chemicals: Specialty
KW,5,1217469620.0,Finance,Real Estate Development
KVYO,4,12672779138.999998,Technology Services,Packaged Software
KVUE,9,42045456381.99999,Consumer Non-Durables,Household/Personal Care
KTOS,-1,4121443776.0,Electronic Technology,Aerospace & Defense
KTB,8,4616995624.000001,Consumer Non-Durables,Apparel/Footwear
KT,9,7963648898.757629,Communications,Major Telecommunications
KSS,1,1304641187.0,Retail Trade,Department Stores
KSPI,5,20594998853.395927,Finance,Finance/Rental/Leasing
KRYS,9,4407266770.000001,Health Technology,Biotechnology
KRP,-1,3060900088.0,Miscellaneous,Investment Trusts/Mutual Funds
KRO,4,1052582247.0,Process Industries,Chemicals: Specialty
KRNT,7,1317493089.0,Producer Manufacturing,Industrial Machinery
KRMN,-1,4229590000.0,Electronic Technology,Aerospace & Defense
KRG,9,4913896527.0,Finance,Real Estate Investment Trusts
KRC,6,4164318040.0,Finance,Real Estate Investment Trusts
KR,-1,47128465920.0,Retail Trade,Food Retail
KOS,5,1481751848.0,Energy Minerals,Integrated Oil
KOF,9,4391134923.155075,Consumer Non-Durables,Beverages: Non-Alcoholic
KO,9,296677982613.0,Consumer Non-Durables,Beverages: Non-Alcoholic
KNX,5,8769743805.0,Transportation,Trucking
KNTK,9,9660187584.0,Industrial Services,Oil & Gas Pipelines
KNSL,-1,10464220455.0,Finance,Multi-Line Insurance
KNSA,5,1425258894.0,Health Technology,Pharmaceuticals: Major
KNF,6,5777326352.0,Non-Energy Minerals,Construction Materials
KN,6,1603359456.9999998,Electronic Technology,Electronic Components
KMX,2,13672817792.999998,Retail Trade,Specialty Stores
KMT,1,1744475353.0,Producer Manufacturing,Industrial Machinery
KMPR,-1,4313926839.0,Finance,Property/Casualty Insurance
KMPB,,4313926839.0,Finance,Property/Casualty Insurance
KMI,9,58993113051.00001,Industrial Services,Oil & Gas Pipelines
KMB,8,44004595385.0,Consumer Non-Durables,Household/Personal Care
KLIC,4,2192446663.0,Producer Manufacturing,Industrial Machinery
KLG,6,1701834844.0,Consumer Non-Durables,Food: Specialty/Candy
KLC,-1,2424203004.9999995,Consumer Services,Other Consumer Services
KLAC,8,99763396847.0,Electronic Technology,Electronic Equipment/Instruments
KKR,4,124849458041.0,Finance,Investment Managers
KIND,5,1050893531.0,Technology Services,Internet Software/Services
KIM/PN,7,14694974461.0,Finance,Real Estate Investment Trusts
KIM/PM,7,14694974461.0,Finance,Real Estate Investment Trusts
KIM/PL,-1,14694974461.0,Finance,Real Estate Investment Trusts
KIM,7,14694974461.0,Finance,Real Estate Investment Trusts
KHC,6,34559110609.0,Consumer Non-Durables,Food: Major Diversified
KGS,9,3955434173.0,Industrial Services,Oilfield Services/Equipment
KGC,9,13851956526.363976,Non-Energy Minerals,Precious Metals
KFY,4,3449356129.0,Commercial Services,Personnel Services
KEYS,-1,31721544150.000004,Electronic Technology,Electronic Equipment/Instruments
KEY/PL,6,19612247350.0,Finance,Major Banks
KEY/PK,6,19612247350.0,Finance,Major Banks
